database,kind,level,trial,path,k,bins_per_table,dpf_n,file_bytes,body_bytes,result_size_bytes,key_size_bytes,upload_per_server_bytes,download_per_server_bytes,keygen_s,server0_s,server1_s,server_parallel_s,server_local_sequential_s,server0_dpf_eval_sum_s,server1_dpf_eval_sum_s,server0_fetch_xor_sum_s,server1_fetch_xor_sum_s,client_verify_s,total_parallel_s,total_local_sequential_s,verified_queries,verification_failures,checksum,cache_state
full_948454,full,index,1,/Volumes/Bitcoin/data/checkpoints/948454/batch_pir_cuckoo.bin,75,567558,20,2213476276,2213476200,52,355,53250,7800,0.002025500,0.083230625,0.084353916,0.084353916,0.167584541,0.359868957,0.364327586,1.162518502,1.184851204,0.000048417,0.086427833,0.169658458,150,0,0f6146ad7863e3e8,warm-cache
full_948454,full,index,2,/Volumes/Bitcoin/data/checkpoints/948454/batch_pir_cuckoo.bin,75,567558,20,2213476276,2213476200,52,355,53250,7800,0.001965667,0.101580667,0.078881833,0.101580667,0.180462500,0.416223414,0.376666751,1.287963084,1.204666579,0.000049500,0.103595834,0.182477667,150,0,bae02021b04367b8,warm-cache
full_948454,full,index,3,/Volumes/Bitcoin/data/checkpoints/948454/batch_pir_cuckoo.bin,75,567558,20,2213476276,2213476200,52,355,53250,7800,0.002042208,0.090173292,0.091192458,0.091192458,0.181365750,0.347200167,0.317435253,1.310915209,1.301729249,0.000047583,0.093282249,0.183455541,150,0,789fb0b473d8e67c,warm-cache
full_948454,full,index,4,/Volumes/Bitcoin/data/checkpoints/948454/batch_pir_cuckoo.bin,75,567558,20,2213476276,2213476200,52,355,53250,7800,0.002023792,0.088824333,0.098002166,0.098002166,0.186826499,0.409290168,0.364016546,1.254053997,1.594179832,0.000048625,0.100074583,0.188898916,150,0,a00ebdf846540a90,warm-cache
full_948454,full,index,5,/Volumes/Bitcoin/data/checkpoints/948454/batch_pir_cuckoo.bin,75,567558,20,2213476276,2213476200,52,355,53250,7800,0.002022875,0.118440958,0.099983959,0.118440958,0.218424917,0.629792328,0.590460664,1.202827252,1.321811502,0.000048709,0.120512542,0.220496501,150,0,05168f157f5b2e00,warm-cache
full_948454,full,index,6,/Volumes/Bitcoin/data/checkpoints/948454/batch_pir_cuckoo.bin,75,567558,20,2213476276,2213476200,52,355,53250,7800,0.001980375,0.083649417,0.078617208,0.083649417,0.162266625,0.493579172,0.208693834,1.384997870,1.338482041,0.000050500,0.085680292,0.164297500,150,0,b7785ac2afd909b4,warm-cache
full_948454,full,index,7,/Volumes/Bitcoin/data/checkpoints/948454/batch_pir_cuckoo.bin,75,567558,20,2213476276,2213476200,52,355,53250,7800,0.002033375,0.105286500,0.073753375,0.105286500,0.179039875,0.923181169,0.310950707,1.202399086,1.226104541,0.000047334,0.107367209,0.181120584,150,0,92dc9ce2f98a4134,warm-cache
full_948454,full,index,8,/Volumes/Bitcoin/data/checkpoints/948454/batch_pir_cuckoo.bin,75,567558,20,2213476276,2213476200,52,355,53250,7800,0.001936709,0.110232625,0.093371208,0.110232625,0.203603833,0.558656999,0.591744082,1.252111913,1.167617665,0.000045584,0.112214918,0.205586126,150,0,5ed31192cde445d0,warm-cache
full_948454,full,index,9,/Volumes/Bitcoin/data/checkpoints/948454/batch_pir_cuckoo.bin,75,567558,20,2213476276,2213476200,52,355,53250,7800,0.001943709,0.116879167,0.084959708,0.116879167,0.201838875,0.641429458,0.473751954,1.184559709,1.183851000,0.000049583,0.118872459,0.203832167,150,0,755e7466f43abccc,warm-cache
full_948454,full,index,10,/Volumes/Bitcoin/data/checkpoints/948454/batch_pir_cuckoo.bin,75,567558,20,2213476276,2213476200,52,355,53250,7800,0.002047583,0.095617208,0.087061708,0.095617208,0.182678916,0.587035499,0.244321421,1.261237832,1.189982244,0.000050791,0.097715582,0.184777290,150,0,6d77617fa985ecdc,warm-cache
full_948454,full,index,11,/Volumes/Bitcoin/data/checkpoints/948454/batch_pir_cuckoo.bin,75,567558,20,2213476276,2213476200,52,355,53250,7800,0.002315458,0.075883875,0.098465916,0.098465916,0.174349791,1.018141668,0.452724337,1.118080164,1.303865334,0.000045834,0.100827208,0.176711083,150,0,4daf3607be684e24,warm-cache
full_948454,full,index,12,/Volumes/Bitcoin/data/checkpoints/948454/batch_pir_cuckoo.bin,75,567558,20,2213476276,2213476200,52,355,53250,7800,0.001951625,0.086247000,0.084642875,0.086247000,0.170889875,0.288774828,0.486930709,1.262163708,1.231401336,0.000050541,0.088249166,0.172892041,150,0,7728d4bbb74cb2ec,warm-cache
full_948454,full,index,13,/Volumes/Bitcoin/data/checkpoints/948454/batch_pir_cuckoo.bin,75,567558,20,2213476276,2213476200,52,355,53250,7800,0.002067041,0.083843583,0.177818583,0.177818583,0.261662166,0.367379449,0.301844460,1.236908748,2.280552836,0.000052875,0.179938499,0.263782082,150,0,9600c668c453e030,warm-cache
full_948454,full,index,14,/Volumes/Bitcoin/data/checkpoints/948454/batch_pir_cuckoo.bin,75,567558,20,2213476276,2213476200,52,355,53250,7800,0.002092958,0.189106334,0.077438875,0.189106334,0.266545209,1.136642368,0.230281288,2.881616582,1.306628037,0.000077292,0.191276584,0.268715459,150,0,a20e6d668abf03c8,warm-cache
full_948454,full,index,15,/Volumes/Bitcoin/data/checkpoints/948454/batch_pir_cuckoo.bin,75,567558,20,2213476276,2213476200,52,355,53250,7800,0.002063833,0.082515667,0.092435459,0.092435459,0.174951126,0.280973743,0.682909838,1.342022881,1.244458956,0.000048416,0.094547708,0.177063375,150,0,3ab49caec18d318c,warm-cache
full_948454,full,index,16,/Volumes/Bitcoin/data/checkpoints/948454/batch_pir_cuckoo.bin,75,567558,20,2213476276,2213476200,52,355,53250,7800,0.001936417,0.091685208,0.073239250,0.091685208,0.164924458,0.396572086,0.215067666,1.178922916,1.242581588,0.000046666,0.093668291,0.166907541,150,0,c53c06df6c5118c0,warm-cache
full_948454,full,index,17,/Volumes/Bitcoin/data/checkpoints/948454/batch_pir_cuckoo.bin,75,567558,20,2213476276,2213476200,52,355,53250,7800,0.001942667,0.086926292,0.093067125,0.093067125,0.179993417,0.347693080,0.476586159,1.230111540,1.266195413,0.000048500,0.095058292,0.181984584,150,0,eaad6c038e1cc54c,warm-cache
full_948454,full,index,18,/Volumes/Bitcoin/data/checkpoints/948454/batch_pir_cuckoo.bin,75,567558,20,2213476276,2213476200,52,355,53250,7800,0.002040250,0.094699333,0.082549291,0.094699333,0.177248624,0.407024586,0.279528715,1.216921120,1.251936495,0.000055250,0.096794833,0.179344124,150,0,150012d195005ff0,warm-cache
full_948454,full,index,19,/Volumes/Bitcoin/data/checkpoints/948454/batch_pir_cuckoo.bin,75,567558,20,2213476276,2213476200,52,355,53250,7800,0.002146125,0.096072625,0.072054542,0.096072625,0.168127167,0.464207250,0.283968793,1.182156829,1.197340080,0.000050792,0.098269542,0.170324084,150,0,29f0325084a5fc60,warm-cache
full_948454,full,index,20,/Volumes/Bitcoin/data/checkpoints/948454/batch_pir_cuckoo.bin,75,567558,20,2213476276,2213476200,52,355,53250,7800,0.002463000,0.075404167,0.076372292,0.076372292,0.151776459,0.253643995,0.822709832,1.229145543,1.170750040,0.000048959,0.078884251,0.154288418,150,0,14becd20a85a6b18,warm-cache
full_948454,full,index,21,/Volumes/Bitcoin/data/checkpoints/948454/batch_pir_cuckoo.bin,75,567558,20,2213476276,2213476200,52,355,53250,7800,0.002013167,0.085346334,0.116483125,0.116483125,0.201829459,0.338786880,0.492378748,1.246188836,1.191281834,0.000046250,0.118542542,0.203888876,150,0,eb1dbafe78fd2dc0,warm-cache
full_948454,full,index,22,/Volumes/Bitcoin/data/checkpoints/948454/batch_pir_cuckoo.bin,75,567558,20,2213476276,2213476200,52,355,53250,7800,0.002119084,0.086329375,0.083700208,0.086329375,0.170029583,0.375856462,0.273400704,1.198604176,1.232658998,0.000049458,0.088497917,0.172198125,150,0,50d005fc1834a16c,warm-cache
full_948454,full,index,23,/Volumes/Bitcoin/data/checkpoints/948454/batch_pir_cuckoo.bin,75,567558,20,2213476276,2213476200,52,355,53250,7800,0.002046125,0.085373875,0.090189625,0.090189625,0.175563500,0.298875834,0.474710586,1.243791505,1.312563214,0.000047916,0.092283666,0.177657541,150,0,c301d493fb53778c,warm-cache
full_948454,full,index,24,/Volumes/Bitcoin/data/checkpoints/948454/batch_pir_cuckoo.bin,75,567558,20,2213476276,2213476200,52,355,53250,7800,0.002416250,0.105205917,0.076525334,0.105205917,0.181731251,0.363692079,0.309052712,1.253607749,1.288851125,0.000051292,0.107673459,0.184198793,150,0,ed27150ab488a614,warm-cache
full_948454,full,index,25,/Volumes/Bitcoin/data/checkpoints/948454/batch_pir_cuckoo.bin,75,567558,20,2213476276,2213476200,52,355,53250,7800,0.002018250,0.111175208,0.102681292,0.111175208,0.213856500,0.590040247,0.505077046,1.429732785,1.459018788,0.000051833,0.113245291,0.215926583,150,0,3dea2644c0734eb4,warm-cache
full_948454,full,index,26,/Volumes/Bitcoin/data/checkpoints/948454/batch_pir_cuckoo.bin,75,567558,20,2213476276,2213476200,52,355,53250,7800,0.002028542,0.113510583,0.105424250,0.113510583,0.218934833,1.988839580,0.310279833,1.165365292,1.326659416,0.000050125,0.115589250,0.221013500,150,0,049827bf03ddc844,warm-cache
full_948454,full,index,27,/Volumes/Bitcoin/data/checkpoints/948454/batch_pir_cuckoo.bin,75,567558,20,2213476276,2213476200,52,355,53250,7800,0.001946583,0.087207083,0.082709708,0.087207083,0.169916791,0.283216371,0.415227675,1.250507588,1.232122920,0.000048834,0.089202500,0.171912208,150,0,d9c9d59fdc094fc4,warm-cache
full_948454,full,index,28,/Volumes/Bitcoin/data/checkpoints/948454/batch_pir_cuckoo.bin,75,567558,20,2213476276,2213476200,52,355,53250,7800,0.002002000,0.074374083,0.099305708,0.099305708,0.173679791,0.212035330,0.498496746,1.257284336,1.249527757,0.000054500,0.101362208,0.175736291,150,0,8cf55f7118257554,warm-cache
full_948454,full,index,29,/Volumes/Bitcoin/data/checkpoints/948454/batch_pir_cuckoo.bin,75,567558,20,2213476276,2213476200,52,355,53250,7800,0.002199875,0.087927833,0.075639125,0.087927833,0.163566958,0.591653840,0.260270997,1.208390465,1.301385078,0.000049583,0.090177291,0.165816416,150,0,4cb035c195095358,warm-cache
full_948454,full,index,30,/Volumes/Bitcoin/data/checkpoints/948454/batch_pir_cuckoo.bin,75,567558,20,2213476276,2213476200,52,355,53250,7800,0.001943792,0.082959041,0.083755167,0.083755167,0.166714208,0.173687045,0.299685459,1.473845706,1.234536206,0.000051042,0.085750001,0.168709042,150,0,bf20d4737c90c4ec,warm-cache
full_948454,full,chunk,1,/Volumes/Bitcoin/data/checkpoints/948454/chunk_pir_cuckoo.bin,80,1066928,21,11266759748,11266759680,132,371,59360,21120,0.002530625,0.212499625,0.250120542,0.250120542,0.462620167,0.789550087,1.353679414,3.272069830,3.165308792,0.000069959,0.252721126,0.465220751,160,0,9efdeaf9b4a5fef8,warm-cache
full_948454,full,chunk,2,/Volumes/Bitcoin/data/checkpoints/948454/chunk_pir_cuckoo.bin,80,1066928,21,11266759748,11266759680,132,371,59360,21120,0.002248875,0.190780334,0.207785167,0.207785167,0.398565501,0.354701702,0.702128835,3.358640871,3.301792419,0.000076792,0.210110834,0.400891168,160,0,c0f484065b6f4434,warm-cache
full_948454,full,chunk,3,/Volumes/Bitcoin/data/checkpoints/948454/chunk_pir_cuckoo.bin,80,1066928,21,11266759748,11266759680,132,371,59360,21120,0.002313833,0.181624667,0.195728542,0.195728542,0.377353209,0.824993083,0.652999295,3.339641334,3.355682213,0.000073917,0.198116292,0.379740959,160,0,29262ec1c1de91d8,warm-cache
full_948454,full,chunk,4,/Volumes/Bitcoin/data/checkpoints/948454/chunk_pir_cuckoo.bin,80,1066928,21,11266759748,11266759680,132,371,59360,21120,0.002499708,0.205143833,0.198008333,0.205143833,0.403152166,1.205059043,1.318889794,3.438521210,3.149220458,0.000071666,0.207715207,0.405723540,160,0,c1a706e5708ada3c,warm-cache
full_948454,full,chunk,5,/Volumes/Bitcoin/data/checkpoints/948454/chunk_pir_cuckoo.bin,80,1066928,21,11266759748,11266759680,132,371,59360,21120,0.002216291,0.202562250,0.173078709,0.202562250,0.375640959,0.747595703,0.271675374,3.363165706,3.480336338,0.000075916,0.204854457,0.377933166,160,0,7ba5cb7f3e5549a8,warm-cache
full_948454,full,chunk,6,/Volumes/Bitcoin/data/checkpoints/948454/chunk_pir_cuckoo.bin,80,1066928,21,11266759748,11266759680,132,371,59360,21120,0.002383750,0.233409916,0.180910917,0.233409916,0.414320833,0.800600996,0.426783665,3.579887288,3.478302620,0.000071959,0.235865625,0.416776542,160,0,5ca02d5a5a169758,warm-cache
full_948454,full,chunk,7,/Volumes/Bitcoin/data/checkpoints/948454/chunk_pir_cuckoo.bin,80,1066928,21,11266759748,11266759680,132,371,59360,21120,0.002517625,0.206630333,0.198266167,0.206630333,0.404896500,0.520360038,1.086635827,3.456492248,3.339486630,0.000072041,0.209219999,0.407486166,160,0,72371406500ebab8,warm-cache
full_948454,full,chunk,8,/Volumes/Bitcoin/data/checkpoints/948454/chunk_pir_cuckoo.bin,80,1066928,21,11266759748,11266759680,132,371,59360,21120,0.002331584,0.242323375,0.204096250,0.242323375,0.446419625,1.568742879,0.482965376,3.306406748,3.293084670,0.000072000,0.244726959,0.448823209,160,0,ce5f7ec6878c7cd4,warm-cache
full_948454,full,chunk,9,/Volumes/Bitcoin/data/checkpoints/948454/chunk_pir_cuckoo.bin,80,1066928,21,11266759748,11266759680,132,371,59360,21120,0.002338417,0.212888791,0.189942125,0.212888791,0.402830916,0.698499333,0.653250793,3.312374502,3.520232446,0.000084083,0.215311291,0.405253416,160,0,2ba6a5abdb1bd15c,warm-cache
full_948454,full,chunk,10,/Volumes/Bitcoin/data/checkpoints/948454/chunk_pir_cuckoo.bin,80,1066928,21,11266759748,11266759680,132,371,59360,21120,0.002503042,0.172926583,0.201249250,0.201249250,0.374175833,0.318799959,0.498763750,3.546411161,3.571473245,0.000072042,0.203824334,0.376750917,160,0,4c4a4b5452d44948,warm-cache
full_948454,full,chunk,11,/Volumes/Bitcoin/data/checkpoints/948454/chunk_pir_cuckoo.bin,80,1066928,21,11266759748,11266759680,132,371,59360,21120,0.002281667,0.217741500,0.214782000,0.217741500,0.432523500,0.896752206,1.076050706,3.505704455,3.385536669,0.000069166,0.220092333,0.434874333,160,0,0302aa9fb2b4d1a0,warm-cache
full_948454,full,chunk,12,/Volumes/Bitcoin/data/checkpoints/948454/chunk_pir_cuckoo.bin,80,1066928,21,11266759748,11266759680,132,371,59360,21120,0.002308750,0.186494625,0.197148542,0.197148542,0.383643167,0.961351378,0.790792871,3.416941332,3.418575374,0.000107375,0.199564667,0.386059292,160,0,698578a6cdac4b10,warm-cache
full_948454,full,chunk,13,/Volumes/Bitcoin/data/checkpoints/948454/chunk_pir_cuckoo.bin,80,1066928,21,11266759748,11266759680,132,371,59360,21120,0.002345500,0.322483541,0.264529083,0.322483541,0.587012624,0.925628667,1.030733380,4.927811333,4.103512414,0.000093959,0.324923000,0.589452083,160,0,bacec96563009d48,warm-cache
full_948454,full,chunk,14,/Volumes/Bitcoin/data/checkpoints/948454/chunk_pir_cuckoo.bin,80,1066928,21,11266759748,11266759680,132,371,59360,21120,0.002455500,0.198825458,0.223701709,0.223701709,0.422527167,0.817323580,1.776746834,3.554189379,3.379958958,0.000075709,0.226232918,0.425058376,160,0,f94c0ee59c74cccc,warm-cache
full_948454,full,chunk,15,/Volumes/Bitcoin/data/checkpoints/948454/chunk_pir_cuckoo.bin,80,1066928,21,11266759748,11266759680,132,371,59360,21120,0.002361291,0.236467292,0.177636666,0.236467292,0.414103958,0.628291789,0.633788664,3.692950579,3.351268375,0.000072709,0.238901292,0.416537958,160,0,2c54cd01f78c9418,warm-cache
full_948454,full,chunk,16,/Volumes/Bitcoin/data/checkpoints/948454/chunk_pir_cuckoo.bin,80,1066928,21,11266759748,11266759680,132,371,59360,21120,0.002426958,0.197503541,0.199421041,0.199421041,0.396924582,0.431565295,0.552023334,3.555191831,3.518091166,0.000080208,0.201928207,0.399431748,160,0,7ad9ba230d6478f8,warm-cache
full_948454,full,chunk,17,/Volumes/Bitcoin/data/checkpoints/948454/chunk_pir_cuckoo.bin,80,1066928,21,11266759748,11266759680,132,371,59360,21120,0.002371750,0.217285292,0.188190292,0.217285292,0.405475584,1.276123957,0.879344083,3.469290999,3.491778538,0.000071500,0.219728542,0.407918834,160,0,45c64dd1185c9148,warm-cache
full_948454,full,chunk,18,/Volumes/Bitcoin/data/checkpoints/948454/chunk_pir_cuckoo.bin,80,1066928,21,11266759748,11266759680,132,371,59360,21120,0.002293625,0.208702459,0.180095333,0.208702459,0.388797792,1.123721458,0.329111416,3.569313832,3.337443497,0.000072000,0.211068084,0.391163417,160,0,f2c83678ed04aca8,warm-cache
full_948454,full,chunk,19,/Volumes/Bitcoin/data/checkpoints/948454/chunk_pir_cuckoo.bin,80,1066928,21,11266759748,11266759680,132,371,59360,21120,0.002234334,0.182028625,0.199336625,0.199336625,0.381365250,0.905794499,0.948894047,3.343726539,3.390291750,0.000067958,0.201638917,0.383667542,160,0,09b50986879e303c,warm-cache
full_948454,full,chunk,20,/Volumes/Bitcoin/data/checkpoints/948454/chunk_pir_cuckoo.bin,80,1066928,21,11266759748,11266759680,132,371,59360,21120,0.002340083,0.195321500,0.198608500,0.198608500,0.393930000,1.157581873,1.085193454,3.319223166,3.273774166,0.000069084,0.201017667,0.396339167,160,0,fdfb9a66e6c30988,warm-cache
full_948454,full,chunk,21,/Volumes/Bitcoin/data/checkpoints/948454/chunk_pir_cuckoo.bin,80,1066928,21,11266759748,11266759680,132,371,59360,21120,0.002305791,0.244908167,0.493047458,0.493047458,0.737955625,0.941781962,1.121467293,3.573245749,8.981558830,0.000386041,0.495739290,0.740647457,160,0,ff4e6f82d72bec78,warm-cache
full_948454,full,chunk,22,/Volumes/Bitcoin/data/checkpoints/948454/chunk_pir_cuckoo.bin,80,1066928,21,11266759748,11266759680,132,371,59360,21120,0.006502083,0.394668167,0.313403959,0.394668167,0.708072126,0.985397787,1.215387377,4.627201623,4.137669959,0.000424250,0.401594500,0.714998459,160,0,0d3f0fa48247717c,warm-cache
full_948454,full,chunk,23,/Volumes/Bitcoin/data/checkpoints/948454/chunk_pir_cuckoo.bin,80,1066928,21,11266759748,11266759680,132,371,59360,21120,0.004970292,0.406687500,0.287357500,0.406687500,0.694045000,1.359495453,1.385456335,4.084360580,4.192483912,0.000073500,0.411731292,0.699088792,160,0,22c270979bfa8c70,warm-cache
full_948454,full,chunk,24,/Volumes/Bitcoin/data/checkpoints/948454/chunk_pir_cuckoo.bin,80,1066928,21,11266759748,11266759680,132,371,59360,21120,0.006384250,0.431974000,0.400405083,0.431974000,0.832379083,0.548233129,1.474800623,5.262093586,5.056873333,0.000075291,0.438433541,0.838838624,160,0,5dd8c22b0dcb8038,warm-cache
full_948454,full,chunk,25,/Volumes/Bitcoin/data/checkpoints/948454/chunk_pir_cuckoo.bin,80,1066928,21,11266759748,11266759680,132,371,59360,21120,0.007102833,0.280752667,0.380256250,0.380256250,0.661008917,0.722030794,1.551260743,4.387345713,5.082635044,0.000210459,0.387569542,0.668322209,160,0,2e4af6a148264a0c,warm-cache
full_948454,full,chunk,26,/Volumes/Bitcoin/data/checkpoints/948454/chunk_pir_cuckoo.bin,80,1066928,21,11266759748,11266759680,132,371,59360,21120,0.006865042,0.426265750,0.440815125,0.440815125,0.867080875,2.157712374,2.111488584,5.848298712,7.185092206,0.000075459,0.447755626,0.874021376,160,0,169b8d423431ad0c,warm-cache
full_948454,full,chunk,27,/Volumes/Bitcoin/data/checkpoints/948454/chunk_pir_cuckoo.bin,80,1066928,21,11266759748,11266759680,132,371,59360,21120,0.005982500,0.425748917,0.300428417,0.425748917,0.726177334,1.358195910,2.408799123,4.486941169,3.844634751,0.000074250,0.431805667,0.732234084,160,0,106b624a22b18fc0,warm-cache
full_948454,full,chunk,28,/Volumes/Bitcoin/data/checkpoints/948454/chunk_pir_cuckoo.bin,80,1066928,21,11266759748,11266759680,132,371,59360,21120,0.002282708,0.227028625,0.200402334,0.227028625,0.427430959,1.612430291,0.950277996,3.160283703,3.260250709,0.000070334,0.229381667,0.429784001,160,0,0206f7d019911c90,warm-cache
full_948454,full,chunk,29,/Volumes/Bitcoin/data/checkpoints/948454/chunk_pir_cuckoo.bin,80,1066928,21,11266759748,11266759680,132,371,59360,21120,0.002472667,0.184908917,0.211175875,0.211175875,0.396084792,0.514962169,0.654677965,3.365826878,3.286830415,0.000088250,0.213736792,0.398645709,160,0,480c5992533de014,warm-cache
full_948454,full,chunk,30,/Volumes/Bitcoin/data/checkpoints/948454/chunk_pir_cuckoo.bin,80,1066928,21,11266759748,11266759680,132,371,59360,21120,0.002335291,0.207329791,0.212937500,0.212937500,0.420267291,1.261973375,0.652995412,3.454029581,3.243433003,0.000093041,0.215365832,0.422695623,160,0,9b17188ed7518df4,warm-cache
delta_940611_948454,delta,index,1,/Volumes/Bitcoin/data/deltas/940611_948454/batch_pir_cuckoo.bin,75,53287,16,207819412,207819300,52,290,43500,7800,0.001391542,0.007955666,0.006878125,0.007955666,0.014833791,0.015576913,0.011972459,0.126871789,0.117209083,0.000077250,0.009424458,0.016302583,150,0,80489bd6fcb58d44,warm-cache
delta_940611_948454,delta,index,2,/Volumes/Bitcoin/data/deltas/940611_948454/batch_pir_cuckoo.bin,75,53287,16,207819412,207819300,52,290,43500,7800,0.001371750,0.010058084,0.008243500,0.010058084,0.018301584,0.014093418,0.013180291,0.139366417,0.136061127,0.000038583,0.011468417,0.019711917,150,0,cbaea136e0f164b4,warm-cache
delta_940611_948454,delta,index,3,/Volumes/Bitcoin/data/deltas/940611_948454/batch_pir_cuckoo.bin,75,53287,16,207819412,207819300,52,290,43500,7800,0.001412125,0.007802834,0.007068375,0.007802834,0.014871209,0.012416251,0.012767290,0.124937617,0.119321164,0.000036458,0.009251417,0.016319792,150,0,d3cf37dd65cebd14,warm-cache
delta_940611_948454,delta,index,4,/Volumes/Bitcoin/data/deltas/940611_948454/batch_pir_cuckoo.bin,75,53287,16,207819412,207819300,52,290,43500,7800,0.001426000,0.007350625,0.007313167,0.007350625,0.014663792,0.013919050,0.014841118,0.125386170,0.130548251,0.000042625,0.008819250,0.016132417,150,0,000190e2b28fbfc4,warm-cache
delta_940611_948454,delta,index,5,/Volumes/Bitcoin/data/deltas/940611_948454/batch_pir_cuckoo.bin,75,53287,16,207819412,207819300,52,290,43500,7800,0.001496292,0.007145292,0.007527500,0.007527500,0.014672792,0.021504503,0.013527253,0.112639212,0.134399796,0.000063083,0.009086875,0.016232167,150,0,e0d3f6308c32dd9c,warm-cache
delta_940611_948454,delta,index,6,/Volumes/Bitcoin/data/deltas/940611_948454/batch_pir_cuckoo.bin,75,53287,16,207819412,207819300,52,290,43500,7800,0.001400500,0.007271166,0.007545583,0.007545583,0.014816749,0.015159798,0.013205626,0.120965250,0.137641996,0.000034708,0.008980791,0.016251957,150,0,8b53964719678f78,warm-cache
delta_940611_948454,delta,index,7,/Volumes/Bitcoin/data/deltas/940611_948454/batch_pir_cuckoo.bin,75,53287,16,207819412,207819300,52,290,43500,7800,0.001406042,0.007125250,0.007505125,0.007505125,0.014630375,0.019072209,0.012744457,0.113935671,0.134736378,0.000038000,0.008949167,0.016074417,150,0,acd4d7dbb0ca96dc,warm-cache
delta_940611_948454,delta,index,8,/Volumes/Bitcoin/data/deltas/940611_948454/batch_pir_cuckoo.bin,75,53287,16,207819412,207819300,52,290,43500,7800,0.001367250,0.007210584,0.007992917,0.007992917,0.015203501,0.016539083,0.012517416,0.113600751,0.142929962,0.000038875,0.009399042,0.016609626,150,0,d57d2aed95c03dd8,warm-cache
delta_940611_948454,delta,index,9,/Volumes/Bitcoin/data/deltas/940611_948454/batch_pir_cuckoo.bin,75,53287,16,207819412,207819300,52,290,43500,7800,0.001422875,0.007205666,0.007666708,0.007666708,0.014872374,0.013059832,0.016722835,0.122490540,0.135790288,0.000035833,0.009125416,0.016331082,150,0,0746261ec1239cb8,warm-cache
delta_940611_948454,delta,index,10,/Volumes/Bitcoin/data/deltas/940611_948454/batch_pir_cuckoo.bin,75,53287,16,207819412,207819300,52,290,43500,7800,0.001503958,0.007995416,0.007602500,0.007995416,0.015597916,0.013272665,0.013622543,0.132922497,0.139938417,0.000036917,0.009536291,0.017138791,150,0,98bd32d2e3386a44,warm-cache
delta_940611_948454,delta,index,11,/Volumes/Bitcoin/data/deltas/940611_948454/batch_pir_cuckoo.bin,75,53287,16,207819412,207819300,52,290,43500,7800,0.001437416,0.007167959,0.008704500,0.008704500,0.015872459,0.011858504,0.015973746,0.115715629,0.157013747,0.000036125,0.010178041,0.017346000,150,0,85da3e0ce0306b3c,warm-cache
delta_940611_948454,delta,index,12,/Volumes/Bitcoin/data/deltas/940611_948454/batch_pir_cuckoo.bin,75,53287,16,207819412,207819300,52,290,43500,7800,0.001641292,0.007795416,0.007566667,0.007795416,0.015362083,0.011659334,0.012516164,0.130471791,0.127013420,0.000035084,0.009471792,0.017038459,150,0,8f27dfb37d3b6a68,warm-cache
delta_940611_948454,delta,index,13,/Volumes/Bitcoin/data/deltas/940611_948454/batch_pir_cuckoo.bin,75,53287,16,207819412,207819300,52,290,43500,7800,0.001440292,0.007379833,0.007374417,0.007379833,0.014754250,0.018542955,0.015219377,0.125108669,0.141167085,0.000036208,0.008856333,0.016230750,150,0,4d798f70be13c14c,warm-cache
delta_940611_948454,delta,index,14,/Volumes/Bitcoin/data/deltas/940611_948454/batch_pir_cuckoo.bin,75,53287,16,207819412,207819300,52,290,43500,7800,0.001444000,0.009012458,0.007845583,0.009012458,0.016858041,0.012144459,0.013615083,0.145410338,0.130926122,0.000052750,0.010509208,0.018354791,150,0,bc7d0a066f72175c,warm-cache
delta_940611_948454,delta,index,15,/Volumes/Bitcoin/data/deltas/940611_948454/batch_pir_cuckoo.bin,75,53287,16,207819412,207819300,52,290,43500,7800,0.001517416,0.007249541,0.007477542,0.007477542,0.014727083,0.014047586,0.020182710,0.123406126,0.118774041,0.000035833,0.009030791,0.016280332,150,0,e200aa2b2d78d404,warm-cache
delta_940611_948454,delta,index,16,/Volumes/Bitcoin/data/deltas/940611_948454/batch_pir_cuckoo.bin,75,53287,16,207819412,207819300,52,290,43500,7800,0.001402000,0.007257167,0.006072833,0.007257167,0.013330000,0.013319501,0.013702535,0.099601961,0.104540004,0.000036167,0.008695334,0.014768167,150,0,fd4b26b5f86ef224,warm-cache
delta_940611_948454,delta,index,17,/Volumes/Bitcoin/data/deltas/940611_948454/batch_pir_cuckoo.bin,75,53287,16,207819412,207819300,52,290,43500,7800,0.001535042,0.007802625,0.006904667,0.007802625,0.014707292,0.012434450,0.012674503,0.121306962,0.124908295,0.000036250,0.009373917,0.016278584,150,0,4c60e0c6fcd57988,warm-cache
delta_940611_948454,delta,index,18,/Volumes/Bitcoin/data/deltas/940611_948454/batch_pir_cuckoo.bin,75,53287,16,207819412,207819300,52,290,43500,7800,0.001410167,0.006982542,0.007297500,0.007297500,0.014280042,0.015223716,0.016905121,0.110329374,0.128047503,0.000034875,0.008742542,0.015725084,150,0,54efca2a4fd78f2c,warm-cache
delta_940611_948454,delta,index,19,/Volumes/Bitcoin/data/deltas/940611_948454/batch_pir_cuckoo.bin,75,53287,16,207819412,207819300,52,290,43500,7800,0.001415625,0.008453167,0.008703750,0.008703750,0.017156917,0.015874250,0.014145421,0.147861128,0.130723957,0.000043084,0.010162459,0.018615626,150,0,e3f7d57dc3720dc4,warm-cache
delta_940611_948454,delta,index,20,/Volumes/Bitcoin/data/deltas/940611_948454/batch_pir_cuckoo.bin,75,53287,16,207819412,207819300,52,290,43500,7800,0.001486041,0.008181250,0.007211959,0.008181250,0.015393209,0.019432375,0.013010202,0.126811499,0.114574002,0.000083958,0.009751249,0.016963208,150,0,20064508e2138638,warm-cache
delta_940611_948454,delta,index,21,/Volumes/Bitcoin/data/deltas/940611_948454/batch_pir_cuckoo.bin,75,53287,16,207819412,207819300,52,290,43500,7800,0.001387875,0.007797583,0.006308792,0.007797583,0.014106375,0.013274335,0.018670785,0.106711036,0.103070249,0.000056292,0.009241750,0.015550542,150,0,4e5a68c9d2971764,warm-cache
delta_940611_948454,delta,index,22,/Volumes/Bitcoin/data/deltas/940611_948454/batch_pir_cuckoo.bin,75,53287,16,207819412,207819300,52,290,43500,7800,0.001415250,0.006331000,0.007522750,0.007522750,0.013853750,0.017099291,0.014578171,0.095502958,0.105856751,0.000038166,0.008976166,0.015307166,150,0,7c6a5e2d3ebbe868,warm-cache
delta_940611_948454,delta,index,23,/Volumes/Bitcoin/data/deltas/940611_948454/batch_pir_cuckoo.bin,75,53287,16,207819412,207819300,52,290,43500,7800,0.001376500,0.007484125,0.006471458,0.007484125,0.013955583,0.013689256,0.016249918,0.106238872,0.107366795,0.000038125,0.008898750,0.015370208,150,0,3c6af631b07f333c,warm-cache
delta_940611_948454,delta,index,24,/Volumes/Bitcoin/data/deltas/940611_948454/batch_pir_cuckoo.bin,75,53287,16,207819412,207819300,52,290,43500,7800,0.001458542,0.006163667,0.006254209,0.006254209,0.012417876,0.015395792,0.017150084,0.102602714,0.107542536,0.000044042,0.007756793,0.013920460,150,0,114810fe7f33f3b4,warm-cache
delta_940611_948454,delta,index,25,/Volumes/Bitcoin/data/deltas/940611_948454/batch_pir_cuckoo.bin,75,53287,16,207819412,207819300,52,290,43500,7800,0.001454250,0.006080291,0.006063125,0.006080291,0.012143416,0.012746582,0.016634837,0.096739832,0.100103664,0.000047209,0.007581750,0.013644875,150,0,f7ecf2fe96fe7c90,warm-cache
delta_940611_948454,delta,index,26,/Volumes/Bitcoin/data/deltas/940611_948454/batch_pir_cuckoo.bin,75,53287,16,207819412,207819300,52,290,43500,7800,0.001625167,0.006166750,0.006155292,0.006166750,0.012322042,0.013953208,0.015291294,0.093441539,0.107120961,0.000040209,0.007832126,0.013987418,150,0,f49cd3c1cc2e6c5c,warm-cache
delta_940611_948454,delta,index,27,/Volumes/Bitcoin/data/deltas/940611_948454/batch_pir_cuckoo.bin,75,53287,16,207819412,207819300,52,290,43500,7800,0.001449750,0.006084667,0.006343625,0.006343625,0.012428292,0.014161873,0.016435413,0.088607249,0.100764663,0.000037250,0.007830625,0.013915292,150,0,709a12cb5bd1d9a0,warm-cache
delta_940611_948454,delta,index,28,/Volumes/Bitcoin/data/deltas/940611_948454/batch_pir_cuckoo.bin,75,53287,16,207819412,207819300,52,290,43500,7800,0.001350833,0.005963917,0.005977125,0.005977125,0.011941042,0.014136000,0.015046538,0.093277124,0.101591335,0.000043916,0.007371874,0.013335791,150,0,ee9b2a2b2b3679c0,warm-cache
delta_940611_948454,delta,index,29,/Volumes/Bitcoin/data/deltas/940611_948454/batch_pir_cuckoo.bin,75,53287,16,207819412,207819300,52,290,43500,7800,0.001436042,0.005895792,0.005875000,0.005895792,0.011770792,0.012406249,0.017404080,0.098159792,0.102382586,0.000037041,0.007368875,0.013243875,150,0,a319b2aabcdea5d8,warm-cache
delta_940611_948454,delta,index,30,/Volumes/Bitcoin/data/deltas/940611_948454/batch_pir_cuckoo.bin,75,53287,16,207819412,207819300,52,290,43500,7800,0.001423292,0.006148167,0.006042833,0.006148167,0.012191000,0.016776082,0.016788543,0.100940382,0.102362832,0.000034875,0.007606334,0.013649167,150,0,2261e3fe0c2ea5a0,warm-cache
delta_940611_948454,delta,chunk,1,/Volumes/Bitcoin/data/deltas/940611_948454/chunk_pir_cuckoo.bin,80,112344,17,1186352744,1186352640,132,307,49120,21120,0.001664667,0.021909791,0.022422541,0.022422541,0.044332332,0.080902126,0.062550873,0.352616460,0.390953374,0.000066250,0.024153458,0.046063249,160,0,e168b2a9e1f5b094,warm-cache
delta_940611_948454,delta,chunk,2,/Volumes/Bitcoin/data/deltas/940611_948454/chunk_pir_cuckoo.bin,80,112344,17,1186352744,1186352640,132,307,49120,21120,0.001710917,0.022553042,0.020739375,0.022553042,0.043292417,0.058138087,0.034219950,0.368968251,0.399790248,0.000070833,0.024334792,0.045074167,160,0,78d1e9deae2eb614,warm-cache
delta_940611_948454,delta,chunk,3,/Volumes/Bitcoin/data/deltas/940611_948454/chunk_pir_cuckoo.bin,80,112344,17,1186352744,1186352640,132,307,49120,21120,0.001624542,0.019049209,0.020134666,0.020134666,0.039183875,0.031619459,0.029863746,0.363383083,0.388493171,0.000063875,0.021823083,0.040872292,160,0,484de17b25393124,warm-cache
delta_940611_948454,delta,chunk,4,/Volumes/Bitcoin/data/deltas/940611_948454/chunk_pir_cuckoo.bin,80,112344,17,1186352744,1186352640,132,307,49120,21120,0.001615208,0.018261750,0.020443125,0.020443125,0.038704875,0.039976663,0.035550372,0.335926369,0.403138419,0.000065458,0.022123791,0.040385541,160,0,973f9a04759b82e4,warm-cache
delta_940611_948454,delta,chunk,5,/Volumes/Bitcoin/data/deltas/940611_948454/chunk_pir_cuckoo.bin,80,112344,17,1186352744,1186352640,132,307,49120,21120,0.001768458,0.019844583,0.019984750,0.019984750,0.039829333,0.038986712,0.038294998,0.378548879,0.376489541,0.000064667,0.021817875,0.041662458,160,0,32faa390a5ae41fc,warm-cache
delta_940611_948454,delta,chunk,6,/Volumes/Bitcoin/data/deltas/940611_948454/chunk_pir_cuckoo.bin,80,112344,17,1186352744,1186352640,132,307,49120,21120,0.001698500,0.021115000,0.019237625,0.021115000,0.040352625,0.045785125,0.032350291,0.353714250,0.354917289,0.000073459,0.022886959,0.042124584,160,0,90ec328114612e98,warm-cache
delta_940611_948454,delta,chunk,7,/Volumes/Bitcoin/data/deltas/940611_948454/chunk_pir_cuckoo.bin,80,112344,17,1186352744,1186352640,132,307,49120,21120,0.001642875,0.019509417,0.019861500,0.019861500,0.039370917,0.043137463,0.032340422,0.370789541,0.372248087,0.000062709,0.021567084,0.041076501,160,0,5c64f68f611f6d4c,warm-cache
delta_940611_948454,delta,chunk,8,/Volumes/Bitcoin/data/deltas/940611_948454/chunk_pir_cuckoo.bin,80,112344,17,1186352744,1186352640,132,307,49120,21120,0.001702625,0.020889000,0.019054958,0.020889000,0.039943958,0.043984088,0.027127456,0.363495121,0.374614585,0.000063333,0.022654958,0.041709916,160,0,630098636fad08f8,warm-cache
delta_940611_948454,delta,chunk,9,/Volumes/Bitcoin/data/deltas/940611_948454/chunk_pir_cuckoo.bin,80,112344,17,1186352744,1186352640,132,307,49120,21120,0.001640291,0.020022709,0.019725875,0.020022709,0.039748584,0.060617004,0.046394333,0.354093789,0.374772955,0.000138125,0.021801125,0.041527000,160,0,294e08ccfd848544,warm-cache
delta_940611_948454,delta,chunk,10,/Volumes/Bitcoin/data/deltas/940611_948454/chunk_pir_cuckoo.bin,80,112344,17,1186352744,1186352640,132,307,49120,21120,0.001750542,0.020283083,0.019834791,0.020283083,0.040117874,0.028548378,0.031194665,0.382791914,0.388940623,0.000143000,0.022176625,0.042011416,160,0,d2d5690ec55ea384,warm-cache
delta_940611_948454,delta,chunk,11,/Volumes/Bitcoin/data/deltas/940611_948454/chunk_pir_cuckoo.bin,80,112344,17,1186352744,1186352640,132,307,49120,21120,0.001656625,0.020326084,0.018275958,0.020326084,0.038602042,0.046851169,0.027685875,0.365350663,0.357994708,0.000062750,0.022045459,0.040321417,160,0,bc958141eaecba10,warm-cache
delta_940611_948454,delta,chunk,12,/Volumes/Bitcoin/data/deltas/940611_948454/chunk_pir_cuckoo.bin,80,112344,17,1186352744,1186352640,132,307,49120,21120,0.001639750,0.020372375,0.018446458,0.020372375,0.038818833,0.029404545,0.027455371,0.392049376,0.375727292,0.000072125,0.022084250,0.040530708,160,0,ad613a5789aa3d84,warm-cache
delta_940611_948454,delta,chunk,13,/Volumes/Bitcoin/data/deltas/940611_948454/chunk_pir_cuckoo.bin,80,112344,17,1186352744,1186352640,132,307,49120,21120,0.001667209,0.022713292,0.022300250,0.022713292,0.045013542,0.113123623,0.072536084,0.343049666,0.412303915,0.000072417,0.024452918,0.046753168,160,0,dd8a0f1123febbfc,warm-cache
delta_940611_948454,delta,chunk,14,/Volumes/Bitcoin/data/deltas/940611_948454/chunk_pir_cuckoo.bin,80,112344,17,1186352744,1186352640,132,307,49120,21120,0.001661125,0.020755458,0.020953459,0.020953459,0.041708917,0.042447833,0.061360543,0.362596163,0.357068877,0.000065250,0.022679834,0.043435292,160,0,3d2b468b607ba4dc,warm-cache
delta_940611_948454,delta,chunk,15,/Volumes/Bitcoin/data/deltas/940611_948454/chunk_pir_cuckoo.bin,80,112344,17,1186352744,1186352640,132,307,49120,21120,0.001616167,0.020216417,0.019831084,0.020216417,0.040047501,0.034518377,0.034349002,0.399017462,0.368698835,0.000066833,0.021899417,0.041730501,160,0,01c4f7ac2c339c7c,warm-cache
delta_940611_948454,delta,chunk,16,/Volumes/Bitcoin/data/deltas/940611_948454/chunk_pir_cuckoo.bin,80,112344,17,1186352744,1186352640,132,307,49120,21120,0.001669458,0.021915875,0.019310209,0.021915875,0.041226084,0.054260292,0.044533839,0.354643205,0.371705418,0.000076250,0.023661583,0.042971792,160,0,9f97400e96bee914,warm-cache
delta_940611_948454,delta,chunk,17,/Volumes/Bitcoin/data/deltas/940611_948454/chunk_pir_cuckoo.bin,80,112344,17,1186352744,1186352640,132,307,49120,21120,0.001745834,0.020600791,0.019700917,0.020600791,0.040301708,0.040732041,0.036328964,0.388549292,0.370167127,0.000076417,0.022423042,0.042123959,160,0,409a9e498844f770,warm-cache
delta_940611_948454,delta,chunk,18,/Volumes/Bitcoin/data/deltas/940611_948454/chunk_pir_cuckoo.bin,80,112344,17,1186352744,1186352640,132,307,49120,21120,0.001686333,0.019689375,0.019727375,0.019727375,0.039416750,0.034314833,0.040130751,0.357713709,0.364836874,0.000065625,0.021479333,0.041168708,160,0,ce38107e3c5da6e0,warm-cache
delta_940611_948454,delta,chunk,19,/Volumes/Bitcoin/data/deltas/940611_948454/chunk_pir_cuckoo.bin,80,112344,17,1186352744,1186352640,132,307,49120,21120,0.001665000,0.019404958,0.021333750,0.021333750,0.040738708,0.029708998,0.033663000,0.379739586,0.348276419,0.000080708,0.023079458,0.042484416,160,0,3232fd327d43dda8,warm-cache
delta_940611_948454,delta,chunk,20,/Volumes/Bitcoin/data/deltas/940611_948454/chunk_pir_cuckoo.bin,80,112344,17,1186352744,1186352640,132,307,49120,21120,0.001616708,0.020701375,0.022242625,0.022242625,0.042944000,0.039643419,0.047834539,0.397620624,0.387735538,0.000069000,0.023928333,0.044629708,160,0,14a7e60cc28bba88,warm-cache
delta_940611_948454,delta,chunk,21,/Volumes/Bitcoin/data/deltas/940611_948454/chunk_pir_cuckoo.bin,80,112344,17,1186352744,1186352640,132,307,49120,21120,0.001711083,0.020755083,0.020366458,0.020755083,0.041121541,0.047741790,0.055980082,0.376150667,0.363955788,0.000067666,0.022533832,0.042900290,160,0,8684d90a1fab3000,warm-cache
delta_940611_948454,delta,chunk,22,/Volumes/Bitcoin/data/deltas/940611_948454/chunk_pir_cuckoo.bin,80,112344,17,1186352744,1186352640,132,307,49120,21120,0.001647667,0.022245083,0.020097750,0.022245083,0.042342833,0.099533783,0.032216836,0.395148537,0.380583747,0.000067000,0.023959750,0.044057500,160,0,50ec0cc7f7f3b100,warm-cache
delta_940611_948454,delta,chunk,23,/Volumes/Bitcoin/data/deltas/940611_948454/chunk_pir_cuckoo.bin,80,112344,17,1186352744,1186352640,132,307,49120,21120,0.001751334,0.022235875,0.019743583,0.022235875,0.041979458,0.085203582,0.036542241,0.361815963,0.353143502,0.000066459,0.024053668,0.043797251,160,0,bf98bc2c92e16f64,warm-cache
delta_940611_948454,delta,chunk,24,/Volumes/Bitcoin/data/deltas/940611_948454/chunk_pir_cuckoo.bin,80,112344,17,1186352744,1186352640,132,307,49120,21120,0.001643709,0.020501750,0.019611625,0.020501750,0.040113375,0.037074002,0.036926084,0.369202748,0.342624834,0.000079875,0.022225334,0.041836959,160,0,52c7079f0cf7c5a4,warm-cache
delta_940611_948454,delta,chunk,25,/Volumes/Bitcoin/data/deltas/940611_948454/chunk_pir_cuckoo.bin,80,112344,17,1186352744,1186352640,132,307,49120,21120,0.001707625,0.020663875,0.019954541,0.020663875,0.040618416,0.066281709,0.031189419,0.356699250,0.377865458,0.000060208,0.022431708,0.042386249,160,0,dea66587326077e0,warm-cache
delta_940611_948454,delta,chunk,26,/Volumes/Bitcoin/data/deltas/940611_948454/chunk_pir_cuckoo.bin,80,112344,17,1186352744,1186352640,132,307,49120,21120,0.001710709,0.024789042,0.022236375,0.024789042,0.047025417,0.056988578,0.048232958,0.383985919,0.373537543,0.000066250,0.026566001,0.048802376,160,0,31c5ac58000aed78,warm-cache
delta_940611_948454,delta,chunk,27,/Volumes/Bitcoin/data/deltas/940611_948454/chunk_pir_cuckoo.bin,80,112344,17,1186352744,1186352640,132,307,49120,21120,0.001695041,0.019882416,0.023266250,0.023266250,0.043148666,0.031446457,0.049661623,0.394624588,0.402500206,0.000072208,0.025033499,0.044915915,160,0,dc0bb22b7f9588b8,warm-cache
delta_940611_948454,delta,chunk,28,/Volumes/Bitcoin/data/deltas/940611_948454/chunk_pir_cuckoo.bin,80,112344,17,1186352744,1186352640,132,307,49120,21120,0.001848375,0.021135875,0.021189791,0.021189791,0.042325666,0.063647330,0.048551627,0.273702998,0.404287789,0.000063708,0.023101874,0.044237749,160,0,c3580a2e371c76f8,warm-cache
delta_940611_948454,delta,chunk,29,/Volumes/Bitcoin/data/deltas/940611_948454/chunk_pir_cuckoo.bin,80,112344,17,1186352744,1186352640,132,307,49120,21120,0.001644083,0.021329292,0.020835750,0.021329292,0.042165042,0.052975711,0.047560754,0.394391869,0.362962209,0.000066167,0.023039542,0.043875292,160,0,2e003e479f4a7478,warm-cache
delta_940611_948454,delta,chunk,30,/Volumes/Bitcoin/data/deltas/940611_948454/chunk_pir_cuckoo.bin,80,112344,17,1186352744,1186352640,132,307,49120,21120,0.001664709,0.021368291,0.020648583,0.021368291,0.042016874,0.036322046,0.042526702,0.360089835,0.384531997,0.000065708,0.023098708,0.043747291,160,0,c3dfc21137cb7524,warm-cache
delta_940611_944000,delta,index,1,/Volumes/Bitcoin/data/deltas/940611_944000/batch_pir_cuckoo.bin,75,30515,15,119008540,119008500,52,274,41100,7800,0.001296834,0.004130375,0.004091375,0.004130375,0.008221750,0.010905082,0.008033166,0.051988165,0.060541076,0.000034417,0.005461626,0.009553001,150,0,819918052fb382b4,warm-cache
delta_940611_944000,delta,index,2,/Volumes/Bitcoin/data/deltas/940611_944000/batch_pir_cuckoo.bin,75,30515,15,119008540,119008500,52,274,41100,7800,0.001225416,0.004292875,0.003532000,0.004292875,0.007824875,0.007725171,0.010137671,0.059979753,0.056508374,0.000031375,0.005549666,0.009081666,150,0,7f03dd27cbe5b59c,warm-cache
delta_940611_944000,delta,index,3,/Volumes/Bitcoin/data/deltas/940611_944000/batch_pir_cuckoo.bin,75,30515,15,119008540,119008500,52,274,41100,7800,0.001251625,0.003678625,0.003763292,0.003763292,0.007441917,0.007766457,0.011485123,0.055035378,0.058740798,0.000032875,0.005047792,0.008726417,150,0,b1296cee134baa88,warm-cache
delta_940611_944000,delta,index,4,/Volumes/Bitcoin/data/deltas/940611_944000/batch_pir_cuckoo.bin,75,30515,15,119008540,119008500,52,274,41100,7800,0.001417500,0.003472333,0.003586959,0.003586959,0.007059292,0.008587880,0.014723791,0.052992129,0.057216832,0.000032375,0.005036834,0.008509167,150,0,031674d663df0e94,warm-cache
delta_940611_944000,delta,index,5,/Volumes/Bitcoin/data/deltas/940611_944000/batch_pir_cuckoo.bin,75,30515,15,119008540,119008500,52,274,41100,7800,0.001275917,0.003683375,0.003867000,0.003867000,0.007550375,0.007156371,0.007831958,0.052318708,0.062816871,0.000033917,0.005176834,0.008860209,150,0,b962eb913ea9f22c,warm-cache
delta_940611_944000,delta,index,6,/Volumes/Bitcoin/data/deltas/940611_944000/batch_pir_cuckoo.bin,75,30515,15,119008540,119008500,52,274,41100,7800,0.001220667,0.003911958,0.003424958,0.003911958,0.007336916,0.007338670,0.009250331,0.057780333,0.057644121,0.000035709,0.005168334,0.008593292,150,0,327e3969473b3cfc,warm-cache
delta_940611_944000,delta,index,7,/Volumes/Bitcoin/data/deltas/940611_944000/batch_pir_cuckoo.bin,75,30515,15,119008540,119008500,52,274,41100,7800,0.001274333,0.004086875,0.003388125,0.004086875,0.007475000,0.007894122,0.011138293,0.060680870,0.058424582,0.000033041,0.005394249,0.008782374,150,0,4a89f7ae8d4f8a54,warm-cache
delta_940611_944000,delta,index,8,/Volumes/Bitcoin/data/deltas/940611_944000/batch_pir_cuckoo.bin,75,30515,15,119008540,119008500,52,274,41100,7800,0.001297333,0.003864542,0.004283042,0.004283042,0.008147584,0.007435289,0.010456210,0.056217047,0.066051461,0.000040125,0.005620500,0.009485042,150,0,ab63bfeec1d9a9a4,warm-cache
delta_940611_944000,delta,index,9,/Volumes/Bitcoin/data/deltas/940611_944000/batch_pir_cuckoo.bin,75,30515,15,119008540,119008500,52,274,41100,7800,0.001262792,0.003772417,0.003716583,0.003772417,0.007489000,0.008401579,0.011156542,0.060118960,0.061255668,0.000035291,0.005070500,0.008787083,150,0,607962696e3e09d4,warm-cache
delta_940611_944000,delta,index,10,/Volumes/Bitcoin/data/deltas/940611_944000/batch_pir_cuckoo.bin,75,30515,15,119008540,119008500,52,274,41100,7800,0.001248333,0.004055375,0.003986083,0.004055375,0.008041458,0.011004079,0.009413622,0.055462290,0.063056623,0.000036500,0.005340208,0.009326291,150,0,d2eac3fe07813810,warm-cache
delta_940611_944000,delta,index,11,/Volumes/Bitcoin/data/deltas/940611_944000/batch_pir_cuckoo.bin,75,30515,15,119008540,119008500,52,274,41100,7800,0.001259625,0.003488167,0.003499125,0.003499125,0.006987292,0.007866245,0.010010291,0.053628878,0.056563877,0.000032292,0.004791042,0.008279209,150,0,6930dd34528fced4,warm-cache
delta_940611_944000,delta,index,12,/Volumes/Bitcoin/data/deltas/940611_944000/batch_pir_cuckoo.bin,75,30515,15,119008540,119008500,52,274,41100,7800,0.001231917,0.003827959,0.003534125,0.003827959,0.007362084,0.007451170,0.012782132,0.053369873,0.057179122,0.000052917,0.005112793,0.008646918,150,0,7f9435ef633f6934,warm-cache
delta_940611_944000,delta,index,13,/Volumes/Bitcoin/data/deltas/940611_944000/batch_pir_cuckoo.bin,75,30515,15,119008540,119008500,52,274,41100,7800,0.001289375,0.004005625,0.003429916,0.004005625,0.007435541,0.007340916,0.011019790,0.053247297,0.055497333,0.000033167,0.005328167,0.008758083,150,0,ba5262b800f84964,warm-cache
delta_940611_944000,delta,index,14,/Volumes/Bitcoin/data/deltas/940611_944000/batch_pir_cuckoo.bin,75,30515,15,119008540,119008500,52,274,41100,7800,0.001256291,0.003588583,0.004081458,0.004081458,0.007670041,0.007022416,0.011450327,0.053446621,0.060419125,0.000037666,0.005375415,0.008963998,150,0,79c58a99b81b2538,warm-cache
delta_940611_944000,delta,index,15,/Volumes/Bitcoin/data/deltas/940611_944000/batch_pir_cuckoo.bin,75,30515,15,119008540,119008500,52,274,41100,7800,0.001286458,0.003676667,0.003435416,0.003676667,0.007112083,0.009271247,0.011576660,0.050742376,0.054772165,0.000032625,0.004995750,0.008431166,150,0,980befde885d4070,warm-cache
delta_940611_944000,delta,index,16,/Volumes/Bitcoin/data/deltas/940611_944000/batch_pir_cuckoo.bin,75,30515,15,119008540,119008500,52,274,41100,7800,0.001411542,0.004036875,0.003545291,0.004036875,0.007582166,0.009805294,0.012463748,0.058335959,0.056532457,0.000037125,0.005485542,0.009030833,150,0,41938641e3d8757c,warm-cache
delta_940611_944000,delta,index,17,/Volumes/Bitcoin/data/deltas/940611_944000/batch_pir_cuckoo.bin,75,30515,15,119008540,119008500,52,274,41100,7800,0.001302292,0.003726041,0.004086000,0.004086000,0.007812041,0.007164045,0.009495336,0.052916049,0.064620464,0.000036208,0.005424500,0.009150541,150,0,ba6f943d722c410c,warm-cache
delta_940611_944000,delta,index,18,/Volumes/Bitcoin/data/deltas/940611_944000/batch_pir_cuckoo.bin,75,30515,15,119008540,119008500,52,274,41100,7800,0.001284916,0.005202292,0.003737250,0.005202292,0.008939542,0.010087003,0.011633793,0.058126999,0.050638079,0.000056583,0.006543791,0.010281041,150,0,514aa4515121c080,warm-cache
delta_940611_944000,delta,index,19,/Volumes/Bitcoin/data/deltas/940611_944000/batch_pir_cuckoo.bin,75,30515,15,119008540,119008500,52,274,41100,7800,0.001288625,0.003549708,0.003576916,0.003576916,0.007126624,0.007708457,0.012062000,0.052908832,0.057724877,0.000031250,0.004896791,0.008446499,150,0,71b82fbf9b0609a8,warm-cache
delta_940611_944000,delta,index,20,/Volumes/Bitcoin/data/deltas/940611_944000/batch_pir_cuckoo.bin,75,30515,15,119008540,119008500,52,274,41100,7800,0.001328500,0.004205875,0.003663792,0.004205875,0.007869667,0.008183254,0.011216787,0.049854289,0.058496086,0.000031792,0.005566167,0.009229959,150,0,d36a3ec0d5133c78,warm-cache
delta_940611_944000,delta,index,21,/Volumes/Bitcoin/data/deltas/940611_944000/batch_pir_cuckoo.bin,75,30515,15,119008540,119008500,52,274,41100,7800,0.001582500,0.003788083,0.004311625,0.004311625,0.008099708,0.011082875,0.009223334,0.056057788,0.061781541,0.000037958,0.005932083,0.009720166,150,0,28fcbf6baacd99d4,warm-cache
delta_940611_944000,delta,index,22,/Volumes/Bitcoin/data/deltas/940611_944000/batch_pir_cuckoo.bin,75,30515,15,119008540,119008500,52,274,41100,7800,0.001279708,0.004181917,0.003549042,0.004181917,0.007730959,0.008741617,0.012153747,0.058053199,0.056161371,0.000033666,0.005495291,0.009044333,150,0,cdb41d54c290bdec,warm-cache
delta_940611_944000,delta,index,23,/Volumes/Bitcoin/data/deltas/940611_944000/batch_pir_cuckoo.bin,75,30515,15,119008540,119008500,52,274,41100,7800,0.001342417,0.003751834,0.003924083,0.003924083,0.007675917,0.011298706,0.013535958,0.050612792,0.061195623,0.000034583,0.005301083,0.009052917,150,0,ce0e3ddeb37bab34,warm-cache
delta_940611_944000,delta,index,24,/Volumes/Bitcoin/data/deltas/940611_944000/batch_pir_cuckoo.bin,75,30515,15,119008540,119008500,52,274,41100,7800,0.001316625,0.003652666,0.003622833,0.003652666,0.007275499,0.007452122,0.009749076,0.054760750,0.058575165,0.000031542,0.005000833,0.008623666,150,0,9a6f873de3cdf7a8,warm-cache
delta_940611_944000,delta,index,25,/Volumes/Bitcoin/data/deltas/940611_944000/batch_pir_cuckoo.bin,75,30515,15,119008540,119008500,52,274,41100,7800,0.001231750,0.003683042,0.003974291,0.003974291,0.007657333,0.007308463,0.012524708,0.052424000,0.058144960,0.000048375,0.005254416,0.008937458,150,0,ffddfb12fdba6230,warm-cache
delta_940611_944000,delta,index,26,/Volumes/Bitcoin/data/deltas/940611_944000/batch_pir_cuckoo.bin,75,30515,15,119008540,119008500,52,274,41100,7800,0.001535375,0.003743208,0.003944125,0.003944125,0.007687333,0.007156085,0.008991882,0.054592586,0.055607875,0.000071333,0.005550833,0.009294041,150,0,899793c1933e2bb8,warm-cache
delta_940611_944000,delta,index,27,/Volumes/Bitcoin/data/deltas/940611_944000/batch_pir_cuckoo.bin,75,30515,15,119008540,119008500,52,274,41100,7800,0.001211000,0.004679750,0.005818208,0.005818208,0.010497958,0.010229249,0.017936046,0.068356247,0.075254337,0.000034209,0.007063417,0.011743167,150,0,6833e9bd708dd9c4,warm-cache
delta_940611_944000,delta,index,28,/Volumes/Bitcoin/data/deltas/940611_944000/batch_pir_cuckoo.bin,75,30515,15,119008540,119008500,52,274,41100,7800,0.001252875,0.004960083,0.004743375,0.004960083,0.009703458,0.015865045,0.012482080,0.058630785,0.074371456,0.000035875,0.006248833,0.010992208,150,0,08a73c546429f69c,warm-cache
delta_940611_944000,delta,index,29,/Volumes/Bitcoin/data/deltas/940611_944000/batch_pir_cuckoo.bin,75,30515,15,119008540,119008500,52,274,41100,7800,0.001313208,0.004239208,0.005980500,0.005980500,0.010219708,0.007463423,0.018236204,0.059072544,0.094699415,0.000035125,0.007328833,0.011568041,150,0,3d5b83d9a653f830,warm-cache
delta_940611_944000,delta,index,30,/Volumes/Bitcoin/data/deltas/940611_944000/batch_pir_cuckoo.bin,75,30515,15,119008540,119008500,52,274,41100,7800,0.001268667,0.004990167,0.004502416,0.004990167,0.009492583,0.014724793,0.009233542,0.060825535,0.059986999,0.000038416,0.006297250,0.010799666,150,0,a24abe2d82383444,warm-cache
delta_940611_944000,delta,chunk,1,/Volumes/Bitcoin/data/deltas/940611_944000/chunk_pir_cuckoo.bin,80,59545,16,628795232,628795200,132,290,46400,21120,0.001506208,0.010863125,0.011193042,0.011193042,0.022056167,0.017878998,0.017819415,0.195501253,0.210941910,0.000101875,0.012801125,0.023664250,160,0,44761da6cc3d20ac,warm-cache
delta_940611_944000,delta,chunk,2,/Volumes/Bitcoin/data/deltas/940611_944000/chunk_pir_cuckoo.bin,80,59545,16,628795232,628795200,132,290,46400,21120,0.001505084,0.010934083,0.010565834,0.010934083,0.021499917,0.025039705,0.018063907,0.199482496,0.201249623,0.000065875,0.012505042,0.023070876,160,0,9ebeb3280b1aa36c,warm-cache
delta_940611_944000,delta,chunk,3,/Volumes/Bitcoin/data/deltas/940611_944000/chunk_pir_cuckoo.bin,80,59545,16,628795232,628795200,132,290,46400,21120,0.001523583,0.011408834,0.010526917,0.011408834,0.021935751,0.015683504,0.014277874,0.209825168,0.201321334,0.000059666,0.012992083,0.023519000,160,0,08c79f342280b274,warm-cache
delta_940611_944000,delta,chunk,4,/Volumes/Bitcoin/data/deltas/940611_944000/chunk_pir_cuckoo.bin,80,59545,16,628795232,628795200,132,290,46400,21120,0.001579750,0.010753000,0.011285084,0.011285084,0.022038084,0.016769583,0.016609920,0.188112918,0.184061538,0.000064375,0.012929209,0.023682209,160,0,2c2f3b17fed62374,warm-cache
delta_940611_944000,delta,chunk,5,/Volumes/Bitcoin/data/deltas/940611_944000/chunk_pir_cuckoo.bin,80,59545,16,628795232,628795200,132,290,46400,21120,0.001548917,0.011268625,0.012262792,0.012262792,0.023531417,0.024382751,0.025958917,0.187315500,0.212185373,0.000069834,0.013881543,0.025150168,160,0,47e144510ee6e044,warm-cache
delta_940611_944000,delta,chunk,6,/Volumes/Bitcoin/data/deltas/940611_944000/chunk_pir_cuckoo.bin,80,59545,16,628795232,628795200,132,290,46400,21120,0.001536250,0.011121250,0.010963667,0.011121250,0.022084917,0.017697085,0.014801246,0.205781999,0.203489881,0.000073167,0.012730667,0.023694334,160,0,49bfe532617eab40,warm-cache
delta_940611_944000,delta,chunk,7,/Volumes/Bitcoin/data/deltas/940611_944000/chunk_pir_cuckoo.bin,80,59545,16,628795232,628795200,132,290,46400,21120,0.001528875,0.012100458,0.010362250,0.012100458,0.022462708,0.018759411,0.015086421,0.201496161,0.210266667,0.000064125,0.013693458,0.024055708,160,0,0bffe175ce60d084,warm-cache
delta_940611_944000,delta,chunk,8,/Volumes/Bitcoin/data/deltas/940611_944000/chunk_pir_cuckoo.bin,80,59545,16,628795232,628795200,132,290,46400,21120,0.001637416,0.010884875,0.011575208,0.011575208,0.022460083,0.013959295,0.013359835,0.204693039,0.204500119,0.000066291,0.013278915,0.024163790,160,0,204ca230e8d11354,warm-cache
delta_940611_944000,delta,chunk,9,/Volumes/Bitcoin/data/deltas/940611_944000/chunk_pir_cuckoo.bin,80,59545,16,628795232,628795200,132,290,46400,21120,0.001598542,0.010838541,0.010965917,0.010965917,0.021804458,0.017070914,0.017910416,0.189782130,0.206608670,0.000064291,0.012628750,0.023467291,160,0,a5932ec68958a8cc,warm-cache
delta_940611_944000,delta,chunk,10,/Volumes/Bitcoin/data/deltas/940611_944000/chunk_pir_cuckoo.bin,80,59545,16,628795232,628795200,132,290,46400,21120,0.001594750,0.009989959,0.010407833,0.010407833,0.020397792,0.013708537,0.017978458,0.188145119,0.200686160,0.000084959,0.012087542,0.022077501,160,0,3a99281cdc070584,warm-cache
delta_940611_944000,delta,chunk,11,/Volumes/Bitcoin/data/deltas/940611_944000/chunk_pir_cuckoo.bin,80,59545,16,628795232,628795200,132,290,46400,21120,0.001652250,0.010879833,0.011101792,0.011101792,0.021981625,0.020130997,0.018275040,0.204215121,0.197341795,0.000057709,0.012811751,0.023691584,160,0,9664282e75a37f38,warm-cache
delta_940611_944000,delta,chunk,12,/Volumes/Bitcoin/data/deltas/940611_944000/chunk_pir_cuckoo.bin,80,59545,16,628795232,628795200,132,290,46400,21120,0.001639416,0.010666875,0.010502333,0.010666875,0.021169208,0.015688752,0.014663202,0.195268291,0.189603503,0.000064500,0.012370791,0.022873124,160,0,a2c616bda1c99578,warm-cache
delta_940611_944000,delta,chunk,13,/Volumes/Bitcoin/data/deltas/940611_944000/chunk_pir_cuckoo.bin,80,59545,16,628795232,628795200,132,290,46400,21120,0.001547625,0.010257583,0.010842416,0.010842416,0.021099999,0.014893376,0.014223292,0.198388625,0.195050002,0.000065750,0.012455791,0.022713374,160,0,369cec647cc3e93c,warm-cache
delta_940611_944000,delta,chunk,14,/Volumes/Bitcoin/data/deltas/940611_944000/chunk_pir_cuckoo.bin,80,59545,16,628795232,628795200,132,290,46400,21120,0.001547250,0.010958167,0.010450208,0.010958167,0.021408375,0.014356087,0.017232119,0.204315369,0.210082956,0.000072583,0.012578000,0.023028208,160,0,a2441f064187cef4,warm-cache
delta_940611_944000,delta,chunk,15,/Volumes/Bitcoin/data/deltas/940611_944000/chunk_pir_cuckoo.bin,80,59545,16,628795232,628795200,132,290,46400,21120,0.001533625,0.010504292,0.011696500,0.011696500,0.022200792,0.014143497,0.016803289,0.199768542,0.221195497,0.000063833,0.013293958,0.023798250,160,0,e9cdf0e53a0af218,warm-cache
delta_940611_944000,delta,chunk,16,/Volumes/Bitcoin/data/deltas/940611_944000/chunk_pir_cuckoo.bin,80,59545,16,628795232,628795200,132,290,46400,21120,0.001571916,0.011745708,0.011395459,0.011745708,0.023141167,0.015015121,0.013939460,0.213977457,0.223228844,0.000060458,0.013378082,0.024773541,160,0,abf62682aeb10768,warm-cache
delta_940611_944000,delta,chunk,17,/Volumes/Bitcoin/data/deltas/940611_944000/chunk_pir_cuckoo.bin,80,59545,16,628795232,628795200,132,290,46400,21120,0.001516625,0.010496792,0.011767208,0.011767208,0.022264000,0.013539796,0.017472632,0.194315535,0.222451999,0.000067083,0.013350916,0.023847708,160,0,b629a4f33d5bc330,warm-cache
delta_940611_944000,delta,chunk,18,/Volumes/Bitcoin/data/deltas/940611_944000/chunk_pir_cuckoo.bin,80,59545,16,628795232,628795200,132,290,46400,21120,0.001616875,0.010872583,0.010717583,0.010872583,0.021590166,0.017925745,0.016114293,0.189519210,0.204480209,0.000078416,0.012567874,0.023285457,160,0,09e89d2dbefab530,warm-cache
delta_940611_944000,delta,chunk,19,/Volumes/Bitcoin/data/deltas/940611_944000/chunk_pir_cuckoo.bin,80,59545,16,628795232,628795200,132,290,46400,21120,0.001609375,0.010911041,0.010650459,0.010911041,0.021561500,0.015213666,0.019256789,0.216716003,0.204265705,0.000116833,0.012637249,0.023287708,160,0,bcc3d2e278c39ee8,warm-cache
delta_940611_944000,delta,chunk,20,/Volumes/Bitcoin/data/deltas/940611_944000/chunk_pir_cuckoo.bin,80,59545,16,628795232,628795200,132,290,46400,21120,0.001580792,0.011199125,0.011917125,0.011917125,0.023116250,0.014129752,0.017299128,0.205071417,0.221968371,0.000062375,0.013560292,0.024759417,160,0,f2e6f5e1dd69da8c,warm-cache
delta_940611_944000,delta,chunk,21,/Volumes/Bitcoin/data/deltas/940611_944000/chunk_pir_cuckoo.bin,80,59545,16,628795232,628795200,132,290,46400,21120,0.001446458,0.010332375,0.011335459,0.011335459,0.021667834,0.015854498,0.015688285,0.195433288,0.226876048,0.000064000,0.012845917,0.023178292,160,0,6b8c81dd8b4eeb28,warm-cache
delta_940611_944000,delta,chunk,22,/Volumes/Bitcoin/data/deltas/940611_944000/chunk_pir_cuckoo.bin,80,59545,16,628795232,628795200,132,290,46400,21120,0.001635417,0.010310792,0.011154792,0.011154792,0.021465584,0.018165330,0.013478663,0.180700791,0.211859459,0.000061958,0.012852167,0.023162959,160,0,bfa2bb8481e73518,warm-cache
delta_940611_944000,delta,chunk,23,/Volumes/Bitcoin/data/deltas/940611_944000/chunk_pir_cuckoo.bin,80,59545,16,628795232,628795200,132,290,46400,21120,0.001538916,0.010127750,0.010590959,0.010590959,0.020718709,0.013807877,0.017659037,0.188094626,0.198716120,0.000059458,0.012189333,0.022317083,160,0,303165d9dbb66404,warm-cache
delta_940611_944000,delta,chunk,24,/Volumes/Bitcoin/data/deltas/940611_944000/chunk_pir_cuckoo.bin,80,59545,16,628795232,628795200,132,290,46400,21120,0.001620542,0.010387916,0.010568375,0.010568375,0.020956291,0.013039247,0.019164336,0.183785207,0.209031376,0.000068041,0.012256958,0.022644874,160,0,a2c3e0573bd7cc40,warm-cache
delta_940611_944000,delta,chunk,25,/Volumes/Bitcoin/data/deltas/940611_944000/chunk_pir_cuckoo.bin,80,59545,16,628795232,628795200,132,290,46400,21120,0.001565292,0.011092958,0.011990750,0.011990750,0.023083708,0.013420247,0.017521631,0.205973126,0.219810917,0.000100000,0.013656042,0.024749000,160,0,8deb385807a18a04,warm-cache
delta_940611_944000,delta,chunk,26,/Volumes/Bitcoin/data/deltas/940611_944000/chunk_pir_cuckoo.bin,80,59545,16,628795232,628795200,132,290,46400,21120,0.001500833,0.012149666,0.012111917,0.012149666,0.024261583,0.021192703,0.026615955,0.202717257,0.228239086,0.000066209,0.013716708,0.025828625,160,0,95ea892e061542bc,warm-cache
delta_940611_944000,delta,chunk,27,/Volumes/Bitcoin/data/deltas/940611_944000/chunk_pir_cuckoo.bin,80,59545,16,628795232,628795200,132,290,46400,21120,0.001545416,0.010642583,0.009929417,0.010642583,0.020572000,0.024527329,0.017414831,0.175321494,0.192443454,0.000061584,0.012249583,0.022179000,160,0,2fec8472a260ff04,warm-cache
delta_940611_944000,delta,chunk,28,/Volumes/Bitcoin/data/deltas/940611_944000/chunk_pir_cuckoo.bin,80,59545,16,628795232,628795200,132,290,46400,21120,0.001511084,0.010345458,0.009999000,0.010345458,0.020344458,0.014663965,0.015834795,0.181094211,0.192676997,0.000088125,0.011944667,0.021943667,160,0,ccceceb044aad5b0,warm-cache
delta_940611_944000,delta,chunk,29,/Volumes/Bitcoin/data/deltas/940611_944000/chunk_pir_cuckoo.bin,80,59545,16,628795232,628795200,132,290,46400,21120,0.001499458,0.010552542,0.009886042,0.010552542,0.020438584,0.020787500,0.019507751,0.187294834,0.185137628,0.000058542,0.012110542,0.021996584,160,0,6bc01232f9b55b10,warm-cache
delta_940611_944000,delta,chunk,30,/Volumes/Bitcoin/data/deltas/940611_944000/chunk_pir_cuckoo.bin,80,59545,16,628795232,628795200,132,290,46400,21120,0.001561125,0.010480167,0.010174042,0.010480167,0.020654209,0.014091418,0.019685371,0.193992337,0.175862422,0.000061500,0.012102792,0.022276834,160,0,d8947f56b8cd2ba4,warm-cache
