database,kind,level,trial,path,k,bins_per_table,arity,sibling_levels,tree_top_bytes,sibling_bytes_total,file_bytes,upload_per_server_bytes,download_per_server_bytes,keygen_s,server0_s,server1_s,server_parallel_s,server0_dpf_eval_sum_s,server1_dpf_eval_sum_s,server0_fetch_xor_sum_s,server1_fetch_xor_sum_s,client_verify_s,total_parallel_s,verified_groups,verification_failures,checksum,cache_state
full_948454,full,index,1,/Volumes/Bitcoin/data/checkpoints/948454,75,567558,8,3,9155384,1553721696,3776353356,58125,57600,0.001683625,0.008751750,0.007844750,0.008751750,0.011374649,0.010015915,0.127122676,0.137302248,0.001156417,0.011591792,75,0,0fee547232227393,warm-cache
full_948454,full,index,2,/Volumes/Bitcoin/data/checkpoints/948454,75,567558,8,3,9155384,1553721696,3776353356,58125,57600,0.001837125,0.008816208,0.008629750,0.008816208,0.021582377,0.011706384,0.120550921,0.131332710,0.001060250,0.011713583,75,0,13b5e631b01459ed,warm-cache
full_948454,full,index,3,/Volumes/Bitcoin/data/checkpoints/948454,75,567558,8,3,9155384,1553721696,3776353356,58125,57600,0.001660458,0.009802333,0.009055334,0.009802333,0.035606880,0.014776208,0.122063410,0.153634782,0.001098625,0.012561416,75,0,1f41c54da431f71f,warm-cache
full_948454,full,index,4,/Volumes/Bitcoin/data/checkpoints/948454,75,567558,8,3,9155384,1553721696,3776353356,58125,57600,0.001778625,0.009468250,0.008644167,0.009468250,0.030687267,0.017754622,0.135937243,0.148723335,0.001114500,0.012361375,75,0,18d8bfc62eb3e7db,warm-cache
full_948454,full,index,5,/Volumes/Bitcoin/data/checkpoints/948454,75,567558,8,3,9155384,1553721696,3776353356,58125,57600,0.001619334,0.008605708,0.008754250,0.008754250,0.017606162,0.012884084,0.137240295,0.138653046,0.001076125,0.011449709,75,0,2b0a6e6a8a07f8c5,warm-cache
full_948454,full,index,6,/Volumes/Bitcoin/data/checkpoints/948454,75,567558,8,3,9155384,1553721696,3776353356,58125,57600,0.001645167,0.009609583,0.007652292,0.009609583,0.021355078,0.012932713,0.141338786,0.138108915,0.001202875,0.012457625,75,0,3a3cf9faeafcbe0d,warm-cache
full_948454,full,index,7,/Volumes/Bitcoin/data/checkpoints/948454,75,567558,8,3,9155384,1553721696,3776353356,58125,57600,0.001675833,0.008635291,0.009425125,0.009425125,0.016117585,0.014745636,0.139342627,0.134723956,0.001118292,0.012219250,75,0,9edd2423c450eef1,warm-cache
full_948454,full,index,8,/Volumes/Bitcoin/data/checkpoints/948454,75,567558,8,3,9155384,1553721696,3776353356,58125,57600,0.001616917,0.009106375,0.008066041,0.009106375,0.022837125,0.011763204,0.144057042,0.149075838,0.001173375,0.011896667,75,0,577f80aad370931a,warm-cache
full_948454,full,index,9,/Volumes/Bitcoin/data/checkpoints/948454,75,567558,8,3,9155384,1553721696,3776353356,58125,57600,0.001820584,0.009338375,0.008402834,0.009338375,0.019558252,0.012444704,0.139316005,0.148408328,0.001062584,0.012221543,75,0,7ab88b45f3441e6f,warm-cache
full_948454,full,index,10,/Volumes/Bitcoin/data/checkpoints/948454,75,567558,8,3,9155384,1553721696,3776353356,58125,57600,0.001642042,0.008649041,0.008118125,0.008649041,0.022321168,0.010458004,0.138475806,0.144347553,0.001112833,0.011403916,75,0,45577408ea0a754d,warm-cache
full_948454,full,index,11,/Volumes/Bitcoin/data/checkpoints/948454,75,567558,8,3,9155384,1553721696,3776353356,58125,57600,0.001953291,0.009738334,0.008854417,0.009738334,0.024867918,0.014179501,0.137528422,0.144992333,0.001151458,0.012843083,75,0,f7df789083bc6ee0,warm-cache
full_948454,full,index,12,/Volumes/Bitcoin/data/checkpoints/948454,75,567558,8,3,9155384,1553721696,3776353356,58125,57600,0.001609959,0.008692209,0.008924125,0.008924125,0.029839591,0.012603918,0.131416257,0.149484328,0.001045583,0.011579667,75,0,bf1dfecd3a393303,warm-cache
full_948454,full,index,13,/Volumes/Bitcoin/data/checkpoints/948454,75,567558,8,3,9155384,1553721696,3776353356,58125,57600,0.001660416,0.009516084,0.008138959,0.009516084,0.025152871,0.013977700,0.128769716,0.150207547,0.001066250,0.012242750,75,0,4ebf9621eb117c37,warm-cache
full_948454,full,index,14,/Volumes/Bitcoin/data/checkpoints/948454,75,567558,8,3,9155384,1553721696,3776353356,58125,57600,0.001697875,0.008607833,0.008561292,0.008607833,0.014160210,0.012514991,0.145044339,0.154084749,0.001026167,0.011331875,75,0,ace37c2461a40934,warm-cache
full_948454,full,index,15,/Volumes/Bitcoin/data/checkpoints/948454,75,567558,8,3,9155384,1553721696,3776353356,58125,57600,0.001618667,0.008297708,0.007835417,0.008297708,0.034689420,0.012099922,0.125899134,0.140560411,0.001218417,0.011134792,75,0,26d34db317242dd3,warm-cache
full_948454,full,index,16,/Volumes/Bitcoin/data/checkpoints/948454,75,567558,8,3,9155384,1553721696,3776353356,58125,57600,0.001781917,0.008897000,0.008641958,0.008897000,0.016176665,0.013044876,0.140739374,0.143564555,0.000997958,0.011676875,75,0,deab2e7e8b8cce59,warm-cache
full_948454,full,index,17,/Volumes/Bitcoin/data/checkpoints/948454,75,567558,8,3,9155384,1553721696,3776353356,58125,57600,0.001616458,0.022855416,0.041348000,0.041348000,0.024596793,0.095837084,0.136093011,0.289285624,0.001907083,0.044871541,75,0,f392e046f1735722,warm-cache
full_948454,full,index,18,/Volumes/Bitcoin/data/checkpoints/948454,75,567558,8,3,9155384,1553721696,3776353356,58125,57600,0.006039625,0.018607500,0.022720959,0.022720959,0.081179006,0.093005509,0.166386048,0.316472629,0.002683833,0.031444417,75,0,31959a14dfbf4f48,warm-cache
full_948454,full,index,19,/Volumes/Bitcoin/data/checkpoints/948454,75,567558,8,3,9155384,1553721696,3776353356,58125,57600,0.007240791,0.016951750,0.019686667,0.019686667,0.038292622,0.088745292,0.136072919,0.323120114,0.001037375,0.027964833,75,0,0a1980ed4131f9f7,warm-cache
full_948454,full,index,20,/Volumes/Bitcoin/data/checkpoints/948454,75,567558,8,3,9155384,1553721696,3776353356,58125,57600,0.001648083,0.064061666,0.028004875,0.064061666,0.134578876,0.077093417,1.037371119,0.363325698,0.003880750,0.069590499,75,0,3dba3ac2ff25ade8,warm-cache
full_948454,full,index,21,/Volumes/Bitcoin/data/checkpoints/948454,75,567558,8,3,9155384,1553721696,3776353356,58125,57600,0.003808750,0.021586083,0.015566083,0.021586083,0.042773217,0.029921706,0.179905787,0.167039040,0.002577541,0.027972374,75,0,913902059d20b0e9,warm-cache
full_948454,full,index,22,/Volumes/Bitcoin/data/checkpoints/948454,75,567558,8,3,9155384,1553721696,3776353356,58125,57600,0.005788875,0.010213417,0.008132625,0.010213417,0.041931159,0.014387672,0.141689051,0.143614043,0.001147542,0.017149834,75,0,71a6ecd334562f14,warm-cache
full_948454,full,index,23,/Volumes/Bitcoin/data/checkpoints/948454,75,567558,8,3,9155384,1553721696,3776353356,58125,57600,0.001671250,0.009961875,0.007946375,0.009961875,0.031331327,0.013983164,0.138707920,0.139195950,0.001088875,0.012722000,75,0,d61f56b71afe6407,warm-cache
full_948454,full,index,24,/Volumes/Bitcoin/data/checkpoints/948454,75,567558,8,3,9155384,1553721696,3776353356,58125,57600,0.001677458,0.008763209,0.008396833,0.008763209,0.017724001,0.012781006,0.132247868,0.132305334,0.001106875,0.011547542,75,0,816c152497801e43,warm-cache
full_948454,full,index,25,/Volumes/Bitcoin/data/checkpoints/948454,75,567558,8,3,9155384,1553721696,3776353356,58125,57600,0.001607583,0.008681792,0.008208583,0.008681792,0.017157837,0.013320661,0.125716253,0.134481619,0.001025167,0.011314542,75,0,809bde0b6ae79686,warm-cache
full_948454,full,index,26,/Volumes/Bitcoin/data/checkpoints/948454,75,567558,8,3,9155384,1553721696,3776353356,58125,57600,0.001700708,0.008233375,0.009408666,0.009408666,0.010540542,0.016229995,0.131928709,0.148365621,0.001073583,0.012182957,75,0,f271a6166a365320,warm-cache
full_948454,full,index,27,/Volumes/Bitcoin/data/checkpoints/948454,75,567558,8,3,9155384,1553721696,3776353356,58125,57600,0.001846875,0.008174542,0.008461166,0.008461166,0.014833362,0.014480254,0.141080871,0.141125126,0.001035834,0.011343875,75,0,709742783387a298,warm-cache
full_948454,full,index,28,/Volumes/Bitcoin/data/checkpoints/948454,75,567558,8,3,9155384,1553721696,3776353356,58125,57600,0.001657250,0.010304208,0.008395959,0.010304208,0.014232714,0.016340794,0.141194081,0.143603908,0.001022833,0.012984291,75,0,7b9b23da3a0aaf25,warm-cache
full_948454,full,index,29,/Volumes/Bitcoin/data/checkpoints/948454,75,567558,8,3,9155384,1553721696,3776353356,58125,57600,0.001635916,0.008407250,0.007895917,0.008407250,0.022331461,0.013595666,0.142591545,0.135828793,0.001043333,0.011086499,75,0,068f5ddc34860845,warm-cache
full_948454,full,index,30,/Volumes/Bitcoin/data/checkpoints/948454,75,567558,8,3,9155384,1553721696,3776353356,58125,57600,0.001730166,0.009010708,0.008373250,0.009010708,0.026256293,0.016486626,0.136870713,0.140328620,0.001033833,0.011774707,75,0,b27eb30f6c5372da,warm-cache
full_948454,full,chunk,1,/Volumes/Bitcoin/data/checkpoints/948454,80,1066928,8,3,9155384,3115438176,14391353308,65840,61440,0.002313417,0.017144666,0.016465541,0.017144666,0.039251339,0.023091868,0.280996696,0.277662838,0.001415875,0.020873958,80,0,fc7ff0611fabaf1a,warm-cache
full_948454,full,chunk,2,/Volumes/Bitcoin/data/checkpoints/948454,80,1066928,8,3,9155384,3115438176,14391353308,65840,61440,0.002025375,0.018115375,0.017582333,0.018115375,0.065217137,0.021556670,0.285257177,0.279112997,0.001566333,0.021707083,80,0,171246686f6a7027,warm-cache
full_948454,full,chunk,3,/Volumes/Bitcoin/data/checkpoints/948454,80,1066928,8,3,9155384,3115438176,14391353308,65840,61440,0.001999584,0.017836625,0.017732583,0.017836625,0.067064954,0.039121337,0.292943163,0.291730033,0.001393333,0.021229542,80,0,cf6d740af9e60440,warm-cache
full_948454,full,chunk,4,/Volumes/Bitcoin/data/checkpoints/948454,80,1066928,8,3,9155384,3115438176,14391353308,65840,61440,0.002062750,0.015699792,0.015158292,0.015699792,0.026491493,0.022131909,0.290305838,0.289567493,0.001389084,0.019151626,80,0,143ba24ceb7c51b4,warm-cache
full_948454,full,chunk,5,/Volumes/Bitcoin/data/checkpoints/948454,80,1066928,8,3,9155384,3115438176,14391353308,65840,61440,0.002016875,0.016541750,0.015511416,0.016541750,0.043490410,0.021154371,0.276356714,0.292952998,0.001426334,0.019984959,80,0,b4b529a2a93d85d2,warm-cache
full_948454,full,chunk,6,/Volumes/Bitcoin/data/checkpoints/948454,80,1066928,8,3,9155384,3115438176,14391353308,65840,61440,0.001921542,0.018022541,0.016752042,0.018022541,0.059130421,0.026400424,0.289686707,0.309957255,0.001407708,0.021351791,80,0,50216a500febd241,warm-cache
full_948454,full,chunk,7,/Volumes/Bitcoin/data/checkpoints/948454,80,1066928,8,3,9155384,3115438176,14391353308,65840,61440,0.001929208,0.019183542,0.015313583,0.019183542,0.075975503,0.026041539,0.284254877,0.293490703,0.001547000,0.022659750,80,0,c4956072832ddeca,warm-cache
full_948454,full,chunk,8,/Volumes/Bitcoin/data/checkpoints/948454,80,1066928,8,3,9155384,3115438176,14391353308,65840,61440,0.002065042,0.015569959,0.016973959,0.016973959,0.018236368,0.027210792,0.284681584,0.314056161,0.001361291,0.020400292,80,0,94f7c340273055e4,warm-cache
full_948454,full,chunk,9,/Volumes/Bitcoin/data/checkpoints/948454,80,1066928,8,3,9155384,3115438176,14391353308,65840,61440,0.001920333,0.018338750,0.017582708,0.018338750,0.069084712,0.026029915,0.292667336,0.290467460,0.001521750,0.021780833,80,0,e25d271ad9a96911,warm-cache
full_948454,full,chunk,10,/Volumes/Bitcoin/data/checkpoints/948454,80,1066928,8,3,9155384,3115438176,14391353308,65840,61440,0.002014292,0.017153625,0.016750416,0.017153625,0.048131050,0.025700165,0.278092787,0.288669288,0.001450625,0.020618542,80,0,6b3f07049bfff0bb,warm-cache
full_948454,full,chunk,11,/Volumes/Bitcoin/data/checkpoints/948454,80,1066928,8,3,9155384,3115438176,14391353308,65840,61440,0.002281209,0.019385500,0.016078417,0.019385500,0.064202620,0.024623748,0.287221044,0.292019952,0.001517416,0.023184125,80,0,338fb7b07cffbc5d,warm-cache
full_948454,full,chunk,12,/Volumes/Bitcoin/data/checkpoints/948454,80,1066928,8,3,9155384,3115438176,14391353308,65840,61440,0.001974041,0.018017583,0.015157792,0.018017583,0.068388207,0.024699921,0.280414081,0.280045675,0.001500167,0.021491791,80,0,8a4f457c31229ef0,warm-cache
full_948454,full,chunk,13,/Volumes/Bitcoin/data/checkpoints/948454,80,1066928,8,3,9155384,3115438176,14391353308,65840,61440,0.001975458,0.017108833,0.015487417,0.017108833,0.053352822,0.022103288,0.285057295,0.286645368,0.001317583,0.020401874,80,0,284fa0b28275bf83,warm-cache
full_948454,full,chunk,14,/Volumes/Bitcoin/data/checkpoints/948454,80,1066928,8,3,9155384,3115438176,14391353308,65840,61440,0.001963583,0.017738209,0.016457750,0.017738209,0.053641292,0.025171169,0.301338462,0.300064038,0.001361709,0.021063501,80,0,a528744785040c85,warm-cache
full_948454,full,chunk,15,/Volumes/Bitcoin/data/checkpoints/948454,80,1066928,8,3,9155384,3115438176,14391353308,65840,61440,0.002024666,0.015590583,0.015011000,0.015590583,0.029244795,0.030687285,0.279965507,0.267977459,0.001384667,0.018999916,80,0,44130d4aedaf3d45,warm-cache
full_948454,full,chunk,16,/Volumes/Bitcoin/data/checkpoints/948454,80,1066928,8,3,9155384,3115438176,14391353308,65840,61440,0.001929959,0.016193875,0.015434083,0.016193875,0.040195912,0.026966119,0.251758048,0.284517535,0.001465542,0.019589376,80,0,227bbc477638501a,warm-cache
full_948454,full,chunk,17,/Volumes/Bitcoin/data/checkpoints/948454,80,1066928,8,3,9155384,3115438176,14391353308,65840,61440,0.001925084,0.017982709,0.016883709,0.017982709,0.071782663,0.026922625,0.287821204,0.298334911,0.001373416,0.021281209,80,0,d7bac913f8b36c98,warm-cache
full_948454,full,chunk,18,/Volumes/Bitcoin/data/checkpoints/948454,80,1066928,8,3,9155384,3115438176,14391353308,65840,61440,0.002015458,0.018481625,0.019793375,0.019793375,0.047062342,0.044191951,0.290584242,0.331257676,0.001391125,0.023199958,80,0,9bfacf6eb1babcbd,warm-cache
full_948454,full,chunk,19,/Volumes/Bitcoin/data/checkpoints/948454,80,1066928,8,3,9155384,3115438176,14391353308,65840,61440,0.002141625,0.020297959,0.019669916,0.020297959,0.068295076,0.044363041,0.286778790,0.332360418,0.001496708,0.023936292,80,0,ad2f9f42e5390298,warm-cache
full_948454,full,chunk,20,/Volumes/Bitcoin/data/checkpoints/948454,80,1066928,8,3,9155384,3115438176,14391353308,65840,61440,0.002006875,0.017848041,0.015601000,0.017848041,0.069966041,0.027307294,0.290686874,0.281861463,0.001332833,0.021187749,80,0,915b5a6823bf1e4e,warm-cache
full_948454,full,chunk,21,/Volumes/Bitcoin/data/checkpoints/948454,80,1066928,8,3,9155384,3115438176,14391353308,65840,61440,0.001998833,0.017235750,0.015179334,0.017235750,0.068690128,0.022126450,0.268009618,0.290797999,0.001389792,0.020624375,80,0,22813d8fcb7ff4c4,warm-cache
full_948454,full,chunk,22,/Volumes/Bitcoin/data/checkpoints/948454,80,1066928,8,3,9155384,3115438176,14391353308,65840,61440,0.002048667,0.019323167,0.016326958,0.019323167,0.078987619,0.022786466,0.297848167,0.311440254,0.001538709,0.022910543,80,0,4a3c84a7c97dd632,warm-cache
full_948454,full,chunk,23,/Volumes/Bitcoin/data/checkpoints/948454,80,1066928,8,3,9155384,3115438176,14391353308,65840,61440,0.002005250,0.017738334,0.017355625,0.017738334,0.060920211,0.028858171,0.296819627,0.284605464,0.001441291,0.021184875,80,0,d23f03bb82caf193,warm-cache
full_948454,full,chunk,24,/Volumes/Bitcoin/data/checkpoints/948454,80,1066928,8,3,9155384,3115438176,14391353308,65840,61440,0.001913541,0.018295584,0.018561250,0.018561250,0.095970912,0.041591751,0.263020996,0.278991581,0.001414916,0.021889707,80,0,eaa2123a59a49080,warm-cache
full_948454,full,chunk,25,/Volumes/Bitcoin/data/checkpoints/948454,80,1066928,8,3,9155384,3115438176,14391353308,65840,61440,0.001955750,0.022141958,0.016300709,0.022141958,0.035460627,0.026249623,0.288758959,0.283281532,0.001473875,0.025571583,80,0,cca6a2bca3e7904b,warm-cache
full_948454,full,chunk,26,/Volumes/Bitcoin/data/checkpoints/948454,80,1066928,8,3,9155384,3115438176,14391353308,65840,61440,0.001975459,0.016005583,0.017875958,0.017875958,0.029624004,0.024090080,0.289802121,0.265774029,0.001495375,0.021346792,80,0,658537bf338f9fcf,warm-cache
full_948454,full,chunk,27,/Volumes/Bitcoin/data/checkpoints/948454,80,1066928,8,3,9155384,3115438176,14391353308,65840,61440,0.002138125,0.017841292,0.018160708,0.018160708,0.034498660,0.024164463,0.303345661,0.315855450,0.001474083,0.021772916,80,0,b952d44c55bb9afa,warm-cache
full_948454,full,chunk,28,/Volumes/Bitcoin/data/checkpoints/948454,80,1066928,8,3,9155384,3115438176,14391353308,65840,61440,0.001957042,0.019072625,0.015671208,0.019072625,0.062649714,0.020957085,0.302584801,0.282761586,0.001422292,0.022451959,80,0,621491224db95b5a,warm-cache
full_948454,full,chunk,29,/Volumes/Bitcoin/data/checkpoints/948454,80,1066928,8,3,9155384,3115438176,14391353308,65840,61440,0.001953958,0.017043084,0.016444333,0.017043084,0.040783492,0.026781830,0.284508211,0.307175031,0.001359250,0.020356292,80,0,2b2c8792614abab3,warm-cache
full_948454,full,chunk,30,/Volumes/Bitcoin/data/checkpoints/948454,80,1066928,8,3,9155384,3115438176,14391353308,65840,61440,0.002007500,0.018218958,0.015811625,0.018218958,0.043991156,0.026649088,0.284488995,0.288922159,0.001338458,0.021564916,80,0,cf3f78d15c8c02ac,warm-cache
delta_940611_948454,delta,index,1,/Volumes/Bitcoin/data/deltas/940611_948454,75,53287,8,1,23426084,127891232,359136728,18150,19200,0.000470750,0.001224208,0.000851209,0.001224208,0.001590290,0.001374791,0.008414502,0.010523505,0.000867542,0.002562500,75,0,2c4d4a1ab511c68d,warm-cache
delta_940611_948454,delta,index,2,/Volumes/Bitcoin/data/deltas/940611_948454,75,53287,8,1,23426084,127891232,359136728,18150,19200,0.000476542,0.001076292,0.000929292,0.001076292,0.001280798,0.001295126,0.008780166,0.009318878,0.000854417,0.002407251,75,0,e4ce8e06b5f63a60,warm-cache
delta_940611_948454,delta,index,3,/Volumes/Bitcoin/data/deltas/940611_948454,75,53287,8,1,23426084,127891232,359136728,18150,19200,0.000485333,0.001359916,0.001040708,0.001359916,0.001326418,0.001257874,0.010272500,0.008620872,0.000855125,0.002700374,75,0,60f1dacb6636119b,warm-cache
delta_940611_948454,delta,index,4,/Volumes/Bitcoin/data/deltas/940611_948454,75,53287,8,1,23426084,127891232,359136728,18150,19200,0.000481916,0.001068000,0.000886291,0.001068000,0.001242830,0.001277205,0.009909622,0.010547336,0.000840750,0.002390666,75,0,3ffe11bc858cc92a,warm-cache
delta_940611_948454,delta,index,5,/Volumes/Bitcoin/data/deltas/940611_948454,75,53287,8,1,23426084,127891232,359136728,18150,19200,0.000466833,0.000957125,0.000924666,0.000957125,0.001757044,0.001827417,0.008936294,0.009695547,0.000931125,0.002355083,75,0,213aab531930eed3,warm-cache
delta_940611_948454,delta,index,6,/Volumes/Bitcoin/data/deltas/940611_948454,75,53287,8,1,23426084,127891232,359136728,18150,19200,0.000448334,0.001130083,0.000930042,0.001130083,0.001212915,0.001380417,0.008724499,0.011343412,0.001004750,0.002583167,75,0,c483e989af0f5266,warm-cache
delta_940611_948454,delta,index,7,/Volumes/Bitcoin/data/deltas/940611_948454,75,53287,8,1,23426084,127891232,359136728,18150,19200,0.000539000,0.001086917,0.000807083,0.001086917,0.001604796,0.001194586,0.010834332,0.010750666,0.000916333,0.002542250,75,0,852756fccd8a7488,warm-cache
delta_940611_948454,delta,index,8,/Volumes/Bitcoin/data/deltas/940611_948454,75,53287,8,1,23426084,127891232,359136728,18150,19200,0.000465000,0.001066833,0.000862542,0.001066833,0.001417623,0.001359290,0.009819751,0.011258629,0.000892500,0.002424333,75,0,664012f4efd62acb,warm-cache
delta_940611_948454,delta,index,9,/Volumes/Bitcoin/data/deltas/940611_948454,75,53287,8,1,23426084,127891232,359136728,18150,19200,0.000480958,0.001122542,0.001062375,0.001122542,0.001608750,0.001346377,0.009308294,0.011360214,0.000910916,0.002514416,75,0,3111c0d97482e74e,warm-cache
delta_940611_948454,delta,index,10,/Volumes/Bitcoin/data/deltas/940611_948454,75,53287,8,1,23426084,127891232,359136728,18150,19200,0.000628333,0.001127166,0.000817042,0.001127166,0.001373958,0.001358045,0.009394039,0.011501756,0.000909584,0.002665083,75,0,bbe2d86448c864ed,warm-cache
delta_940611_948454,delta,index,11,/Volumes/Bitcoin/data/deltas/940611_948454,75,53287,8,1,23426084,127891232,359136728,18150,19200,0.000460875,0.001058875,0.001161625,0.001161625,0.001582625,0.001507292,0.010129081,0.009240540,0.000851083,0.002473583,75,0,8a675d64246eace3,warm-cache
delta_940611_948454,delta,index,12,/Volumes/Bitcoin/data/deltas/940611_948454,75,53287,8,1,23426084,127891232,359136728,18150,19200,0.000464416,0.001125833,0.000857375,0.001125833,0.001391670,0.001599412,0.009003002,0.010626085,0.000851959,0.002442208,75,0,a7772a21652d2423,warm-cache
delta_940611_948454,delta,index,13,/Volumes/Bitcoin/data/deltas/940611_948454,75,53287,8,1,23426084,127891232,359136728,18150,19200,0.000459458,0.001174584,0.000789209,0.001174584,0.001270501,0.001377874,0.007955915,0.011142165,0.000940792,0.002574834,75,0,b612c24b5f617e30,warm-cache
delta_940611_948454,delta,index,14,/Volumes/Bitcoin/data/deltas/940611_948454,75,53287,8,1,23426084,127891232,359136728,18150,19200,0.000456667,0.001026584,0.000848917,0.001026584,0.001353208,0.001269497,0.009391496,0.010733416,0.000949791,0.002433042,75,0,7122b8087cedf7f5,warm-cache
delta_940611_948454,delta,index,15,/Volumes/Bitcoin/data/deltas/940611_948454,75,53287,8,1,23426084,127891232,359136728,18150,19200,0.000454666,0.000964833,0.000797042,0.000964833,0.001300126,0.001296959,0.008543958,0.011049370,0.000890417,0.002309916,75,0,6d6f2c7c5e11f7da,warm-cache
delta_940611_948454,delta,index,16,/Volumes/Bitcoin/data/deltas/940611_948454,75,53287,8,1,23426084,127891232,359136728,18150,19200,0.000470000,0.000970208,0.000790750,0.000970208,0.001248085,0.001266207,0.009623465,0.011574873,0.000870333,0.002310541,75,0,6a13dc321a386781,warm-cache
delta_940611_948454,delta,index,17,/Volumes/Bitcoin/data/deltas/940611_948454,75,53287,8,1,23426084,127891232,359136728,18150,19200,0.000456750,0.001079917,0.000938209,0.001079917,0.001256626,0.001671377,0.008422626,0.009959497,0.000906583,0.002443250,75,0,161d863977168cfc,warm-cache
delta_940611_948454,delta,index,18,/Volumes/Bitcoin/data/deltas/940611_948454,75,53287,8,1,23426084,127891232,359136728,18150,19200,0.000585334,0.000970459,0.000908750,0.000970459,0.001441711,0.001331421,0.009524124,0.010074210,0.000890292,0.002446085,75,0,614fd086b43364b2,warm-cache
delta_940611_948454,delta,index,19,/Volumes/Bitcoin/data/deltas/940611_948454,75,53287,8,1,23426084,127891232,359136728,18150,19200,0.000461792,0.001162166,0.000935542,0.001162166,0.001183456,0.001677794,0.008401162,0.009351377,0.000857208,0.002481166,75,0,cec0c7e6b0fe3a79,warm-cache
delta_940611_948454,delta,index,20,/Volumes/Bitcoin/data/deltas/940611_948454,75,53287,8,1,23426084,127891232,359136728,18150,19200,0.000467291,0.000960042,0.000864000,0.000960042,0.001330046,0.001281123,0.009732586,0.011047538,0.000961792,0.002389125,75,0,73470abd95a21fdb,warm-cache
delta_940611_948454,delta,index,21,/Volumes/Bitcoin/data/deltas/940611_948454,75,53287,8,1,23426084,127891232,359136728,18150,19200,0.000461666,0.001020375,0.000941667,0.001020375,0.001155422,0.001185040,0.008957704,0.008965957,0.000906291,0.002388332,75,0,4910151558118162,warm-cache
delta_940611_948454,delta,index,22,/Volumes/Bitcoin/data/deltas/940611_948454,75,53287,8,1,23426084,127891232,359136728,18150,19200,0.000472375,0.001201334,0.000816500,0.001201334,0.001204918,0.001247040,0.008636042,0.009520878,0.000875459,0.002549168,75,0,cfe9da5301fef01f,warm-cache
delta_940611_948454,delta,index,23,/Volumes/Bitcoin/data/deltas/940611_948454,75,53287,8,1,23426084,127891232,359136728,18150,19200,0.000478833,0.001060000,0.000908209,0.001060000,0.001205589,0.001195671,0.008366462,0.009214126,0.000869000,0.002407833,75,0,b9c8719953ab5138,warm-cache
delta_940611_948454,delta,index,24,/Volumes/Bitcoin/data/deltas/940611_948454,75,53287,8,1,23426084,127891232,359136728,18150,19200,0.000566792,0.001044875,0.000866209,0.001044875,0.001202079,0.001235663,0.009150995,0.010747743,0.000985834,0.002597501,75,0,6daa6caff0e8099f,warm-cache
delta_940611_948454,delta,index,25,/Volumes/Bitcoin/data/deltas/940611_948454,75,53287,8,1,23426084,127891232,359136728,18150,19200,0.000469458,0.001119000,0.001028459,0.001119000,0.001184206,0.001187702,0.009255458,0.009451997,0.000822833,0.002411291,75,0,d7362badc1ab0488,warm-cache
delta_940611_948454,delta,index,26,/Volumes/Bitcoin/data/deltas/940611_948454,75,53287,8,1,23426084,127891232,359136728,18150,19200,0.000516125,0.001108500,0.000912625,0.001108500,0.001235254,0.001211044,0.009330829,0.010012581,0.000980125,0.002604750,75,0,861c397aab0bb6b2,warm-cache
delta_940611_948454,delta,index,27,/Volumes/Bitcoin/data/deltas/940611_948454,75,53287,8,1,23426084,127891232,359136728,18150,19200,0.000537375,0.001119583,0.000803542,0.001119583,0.001179130,0.001262826,0.008388913,0.010382336,0.000876375,0.002533333,75,0,f833944be45f23cb,warm-cache
delta_940611_948454,delta,index,28,/Volumes/Bitcoin/data/deltas/940611_948454,75,53287,8,1,23426084,127891232,359136728,18150,19200,0.000484625,0.001101417,0.000956417,0.001101417,0.001172333,0.001339211,0.009203333,0.009919967,0.000977750,0.002563792,75,0,8aafd1770a98aacc,warm-cache
delta_940611_948454,delta,index,29,/Volumes/Bitcoin/data/deltas/940611_948454,75,53287,8,1,23426084,127891232,359136728,18150,19200,0.000461209,0.000927958,0.000846292,0.000927958,0.001188500,0.001271375,0.008280665,0.010896664,0.000881916,0.002271083,75,0,761fe091b015f2fc,warm-cache
delta_940611_948454,delta,index,30,/Volumes/Bitcoin/data/deltas/940611_948454,75,53287,8,1,23426084,127891232,359136728,18150,19200,0.000484583,0.000952458,0.000882583,0.000952458,0.001197871,0.001275040,0.009218126,0.010769873,0.000919375,0.002356416,75,0,af909d3d97425ffc,warm-cache
delta_940611_948454,delta,chunk,1,/Volumes/Bitcoin/data/deltas/940611_948454,80,112344,8,2,23426084,323563584,1533342412,37440,40960,0.000940750,0.002032541,0.002089334,0.002089334,0.003039543,0.003193007,0.023367958,0.026399247,0.000953500,0.003983584,80,0,7411f37466be2146,warm-cache
delta_940611_948454,delta,chunk,2,/Volumes/Bitcoin/data/deltas/940611_948454,80,112344,8,2,23426084,323563584,1533342412,37440,40960,0.000930500,0.002779500,0.002006792,0.002779500,0.003122129,0.003347794,0.023807663,0.028244456,0.000939750,0.004649750,80,0,881d033150e77ba6,warm-cache
delta_940611_948454,delta,chunk,3,/Volumes/Bitcoin/data/deltas/940611_948454,80,112344,8,2,23426084,323563584,1533342412,37440,40960,0.000938791,0.002349625,0.002167250,0.002349625,0.002957248,0.003217958,0.023938950,0.027235583,0.000956792,0.004245208,80,0,2eac9a9afe2fc3aa,warm-cache
delta_940611_948454,delta,chunk,4,/Volumes/Bitcoin/data/deltas/940611_948454,80,112344,8,2,23426084,323563584,1533342412,37440,40960,0.000900208,0.002173750,0.002057667,0.002173750,0.004867124,0.003211119,0.022104961,0.024172998,0.001015000,0.004088958,80,0,87cc5f1930b34926,warm-cache
delta_940611_948454,delta,chunk,5,/Volumes/Bitcoin/data/deltas/940611_948454,80,112344,8,2,23426084,323563584,1533342412,37440,40960,0.001050250,0.002361833,0.001891916,0.002361833,0.003325672,0.002894169,0.024351587,0.025331326,0.000991417,0.004403500,80,0,ca0432c02e15d872,warm-cache
delta_940611_948454,delta,chunk,6,/Volumes/Bitcoin/data/deltas/940611_948454,80,112344,8,2,23426084,323563584,1533342412,37440,40960,0.000892875,0.002599667,0.002467875,0.002599667,0.003034697,0.003158465,0.023822917,0.027044588,0.000996042,0.004488584,80,0,080ceee287cdc223,warm-cache
delta_940611_948454,delta,chunk,7,/Volumes/Bitcoin/data/deltas/940611_948454,80,112344,8,2,23426084,323563584,1533342412,37440,40960,0.000932500,0.002548917,0.002102542,0.002548917,0.003275052,0.004873880,0.025994922,0.028229452,0.001035958,0.004517375,80,0,10f73437e84acb6a,warm-cache
delta_940611_948454,delta,chunk,8,/Volumes/Bitcoin/data/deltas/940611_948454,80,112344,8,2,23426084,323563584,1533342412,37440,40960,0.000895333,0.002268375,0.002117458,0.002268375,0.003200456,0.003539535,0.024056834,0.025576302,0.000982083,0.004145791,80,0,f8c8570b5dd6e267,warm-cache
delta_940611_948454,delta,chunk,9,/Volumes/Bitcoin/data/deltas/940611_948454,80,112344,8,2,23426084,323563584,1533342412,37440,40960,0.000921917,0.002411166,0.002340834,0.002411166,0.003076752,0.003415632,0.023024049,0.027599205,0.000937291,0.004270374,80,0,293548cd2e749f4a,warm-cache
delta_940611_948454,delta,chunk,10,/Volumes/Bitcoin/data/deltas/940611_948454,80,112344,8,2,23426084,323563584,1533342412,37440,40960,0.000955667,0.002308917,0.002011167,0.002308917,0.002920413,0.003338616,0.024368621,0.026334707,0.000977708,0.004242292,80,0,34c15873af93c5f5,warm-cache
delta_940611_948454,delta,chunk,11,/Volumes/Bitcoin/data/deltas/940611_948454,80,112344,8,2,23426084,323563584,1533342412,37440,40960,0.000934458,0.002376625,0.002022292,0.002376625,0.003679957,0.005430127,0.025828877,0.024912121,0.000975792,0.004286875,80,0,5ca56029b2f03cd1,warm-cache
delta_940611_948454,delta,chunk,12,/Volumes/Bitcoin/data/deltas/940611_948454,80,112344,8,2,23426084,323563584,1533342412,37440,40960,0.000917833,0.002222833,0.002115208,0.002222833,0.003278868,0.003268747,0.027979456,0.026869420,0.001015167,0.004155833,80,0,882ea6676cffe2a8,warm-cache
delta_940611_948454,delta,chunk,13,/Volumes/Bitcoin/data/deltas/940611_948454,80,112344,8,2,23426084,323563584,1533342412,37440,40960,0.000941750,0.002513916,0.002575583,0.002575583,0.003552668,0.004790500,0.028309469,0.027992709,0.000986917,0.004504250,80,0,5032c78195f24ed7,warm-cache
delta_940611_948454,delta,chunk,14,/Volumes/Bitcoin/data/deltas/940611_948454,80,112344,8,2,23426084,323563584,1533342412,37440,40960,0.000917375,0.002389000,0.002166833,0.002389000,0.004863127,0.004327581,0.027281418,0.026911625,0.001021583,0.004327958,80,0,08e671fcd1977d6c,warm-cache
delta_940611_948454,delta,chunk,15,/Volumes/Bitcoin/data/deltas/940611_948454,80,112344,8,2,23426084,323563584,1533342412,37440,40960,0.000914708,0.002615958,0.001924125,0.002615958,0.003856007,0.003273247,0.020948545,0.026933249,0.000997208,0.004527874,80,0,a438ae5fc8f5a305,warm-cache
delta_940611_948454,delta,chunk,16,/Volumes/Bitcoin/data/deltas/940611_948454,80,112344,8,2,23426084,323563584,1533342412,37440,40960,0.000912875,0.002204125,0.002545333,0.002545333,0.003117875,0.002994369,0.025624207,0.024370376,0.000988708,0.004446916,80,0,f8e5fb27640ca2ea,warm-cache
delta_940611_948454,delta,chunk,17,/Volumes/Bitcoin/data/deltas/940611_948454,80,112344,8,2,23426084,323563584,1533342412,37440,40960,0.000946750,0.002638750,0.002028583,0.002638750,0.003160666,0.003019123,0.023903659,0.023208670,0.000998042,0.004583542,80,0,2032c8b4ae13727a,warm-cache
delta_940611_948454,delta,chunk,18,/Volumes/Bitcoin/data/deltas/940611_948454,80,112344,8,2,23426084,323563584,1533342412,37440,40960,0.000933125,0.002411458,0.001859833,0.002411458,0.003724573,0.003145457,0.026126631,0.025216286,0.000934458,0.004279041,80,0,c825672bb395b56a,warm-cache
delta_940611_948454,delta,chunk,19,/Volumes/Bitcoin/data/deltas/940611_948454,80,112344,8,2,23426084,323563584,1533342412,37440,40960,0.000900916,0.002280958,0.001967917,0.002280958,0.002989580,0.002812168,0.025448583,0.027174716,0.000997583,0.004179457,80,0,56bd9a2c5a6927ed,warm-cache
delta_940611_948454,delta,chunk,20,/Volumes/Bitcoin/data/deltas/940611_948454,80,112344,8,2,23426084,323563584,1533342412,37440,40960,0.000973416,0.002092000,0.002052291,0.002092000,0.002784870,0.003228749,0.023569742,0.026432041,0.001015708,0.004081124,80,0,58e06c546b500b5a,warm-cache
delta_940611_948454,delta,chunk,21,/Volumes/Bitcoin/data/deltas/940611_948454,80,112344,8,2,23426084,323563584,1533342412,37440,40960,0.001081375,0.002537958,0.002078667,0.002537958,0.003132459,0.003851158,0.022397579,0.025012090,0.001021208,0.004640541,80,0,73f96895b15b628e,warm-cache
delta_940611_948454,delta,chunk,22,/Volumes/Bitcoin/data/deltas/940611_948454,80,112344,8,2,23426084,323563584,1533342412,37440,40960,0.000895375,0.002204458,0.002044916,0.002204458,0.003075540,0.003848251,0.025031966,0.027085210,0.000943708,0.004043541,80,0,2d694c2f82aede03,warm-cache
delta_940611_948454,delta,chunk,23,/Volumes/Bitcoin/data/deltas/940611_948454,80,112344,8,2,23426084,323563584,1533342412,37440,40960,0.000943125,0.002206709,0.002545083,0.002545083,0.003565426,0.003940169,0.027332590,0.026319413,0.000951125,0.004439333,80,0,de88540a7eb3b335,warm-cache
delta_940611_948454,delta,chunk,24,/Volumes/Bitcoin/data/deltas/940611_948454,80,112344,8,2,23426084,323563584,1533342412,37440,40960,0.000929792,0.002489000,0.002083917,0.002489000,0.003689044,0.003290669,0.024870122,0.028081790,0.001055834,0.004474626,80,0,889be82ec118b84c,warm-cache
delta_940611_948454,delta,chunk,25,/Volumes/Bitcoin/data/deltas/940611_948454,80,112344,8,2,23426084,323563584,1533342412,37440,40960,0.000964125,0.002417584,0.002119833,0.002417584,0.003371675,0.003318885,0.023713293,0.026131079,0.000951833,0.004333542,80,0,ab51da24b4c3e16c,warm-cache
delta_940611_948454,delta,chunk,26,/Volumes/Bitcoin/data/deltas/940611_948454,80,112344,8,2,23426084,323563584,1533342412,37440,40960,0.000923875,0.002520333,0.002390750,0.002520333,0.002940171,0.003009253,0.025819126,0.024391531,0.000935083,0.004379291,80,0,e163aa7894d9386b,warm-cache
delta_940611_948454,delta,chunk,27,/Volumes/Bitcoin/data/deltas/940611_948454,80,112344,8,2,23426084,323563584,1533342412,37440,40960,0.000928000,0.002427458,0.001846125,0.002427458,0.002864653,0.003012671,0.022515589,0.026295630,0.001004458,0.004359916,80,0,a6e9cdddba1d890c,warm-cache
delta_940611_948454,delta,chunk,28,/Volumes/Bitcoin/data/deltas/940611_948454,80,112344,8,2,23426084,323563584,1533342412,37440,40960,0.000905209,0.002318542,0.002135250,0.002318542,0.003801539,0.003399754,0.025373913,0.027874584,0.001182583,0.004406334,80,0,c2882bf764aebb26,warm-cache
delta_940611_948454,delta,chunk,29,/Volumes/Bitcoin/data/deltas/940611_948454,80,112344,8,2,23426084,323563584,1533342412,37440,40960,0.001190750,0.002382417,0.002013125,0.002382417,0.003204092,0.003816751,0.026242412,0.027804453,0.001002708,0.004575875,80,0,c8b376c4acf43b01,warm-cache
delta_940611_948454,delta,chunk,30,/Volumes/Bitcoin/data/deltas/940611_948454,80,112344,8,2,23426084,323563584,1533342412,37440,40960,0.000927375,0.002046750,0.002127958,0.002127958,0.003345582,0.004157832,0.025110583,0.027337698,0.000951542,0.004006875,80,0,1ac9a3d2115da27d,warm-cache
delta_940611_944000,delta,index,1,/Volumes/Bitcoin/data/deltas/940611_944000,75,30515,8,1,32256664,73248032,224513236,16950,19200,0.000407791,0.000813667,0.000762333,0.000813667,0.001063627,0.001017707,0.005569709,0.006064913,0.000703250,0.001924708,75,0,c6104fead305b0ed,warm-cache
delta_940611_944000,delta,index,2,/Volumes/Bitcoin/data/deltas/940611_944000,75,30515,8,1,32256664,73248032,224513236,16950,19200,0.000372375,0.000759000,0.000552750,0.000759000,0.001368331,0.000825709,0.005501837,0.005625212,0.000718625,0.001850000,75,0,8860ba8ba3a8ea2f,warm-cache
delta_940611_944000,delta,index,3,/Volumes/Bitcoin/data/deltas/940611_944000,75,30515,8,1,32256664,73248032,224513236,16950,19200,0.000404334,0.000816250,0.000592667,0.000816250,0.000916583,0.000772881,0.005040374,0.006063418,0.000738458,0.001959042,75,0,1f0f547a825779c9,warm-cache
delta_940611_944000,delta,index,4,/Volumes/Bitcoin/data/deltas/940611_944000,75,30515,8,1,32256664,73248032,224513236,16950,19200,0.000395333,0.000736375,0.000500625,0.000736375,0.000744381,0.000790090,0.005216584,0.005731916,0.000809292,0.001941000,75,0,651b22ff297b1b8c,warm-cache
delta_940611_944000,delta,index,5,/Volumes/Bitcoin/data/deltas/940611_944000,75,30515,8,1,32256664,73248032,224513236,16950,19200,0.000395292,0.000819375,0.000654958,0.000819375,0.000905914,0.000726170,0.005764213,0.005524043,0.000723792,0.001938459,75,0,a17e684e948e3111,warm-cache
delta_940611_944000,delta,index,6,/Volumes/Bitcoin/data/deltas/940611_944000,75,30515,8,1,32256664,73248032,224513236,16950,19200,0.000381125,0.000866167,0.000720666,0.000866167,0.000786628,0.000795499,0.005166753,0.005574585,0.000803750,0.002051042,75,0,b98d4c51a10ded0e,warm-cache
delta_940611_944000,delta,index,7,/Volumes/Bitcoin/data/deltas/940611_944000,75,30515,8,1,32256664,73248032,224513236,16950,19200,0.000451166,0.000858750,0.000635583,0.000858750,0.001076532,0.000806496,0.005278540,0.005882087,0.000755042,0.002064958,75,0,e40967346a0a0d27,warm-cache
delta_940611_944000,delta,index,8,/Volumes/Bitcoin/data/deltas/940611_944000,75,30515,8,1,32256664,73248032,224513236,16950,19200,0.000434667,0.000831667,0.000711500,0.000831667,0.000738248,0.001063212,0.004920586,0.005300336,0.000772666,0.002039000,75,0,ac7639f606d0a48e,warm-cache
delta_940611_944000,delta,index,9,/Volumes/Bitcoin/data/deltas/940611_944000,75,30515,8,1,32256664,73248032,224513236,16950,19200,0.000404083,0.000715041,0.000687334,0.000715041,0.001164501,0.000770750,0.005252872,0.005971247,0.000751500,0.001870624,75,0,d16678f9127bf807,warm-cache
delta_940611_944000,delta,index,10,/Volumes/Bitcoin/data/deltas/940611_944000,75,30515,8,1,32256664,73248032,224513236,16950,19200,0.000425917,0.000763875,0.000643667,0.000763875,0.000818046,0.000802713,0.005582084,0.006026294,0.000724708,0.001914500,75,0,31214611bbe074f2,warm-cache
delta_940611_944000,delta,index,11,/Volumes/Bitcoin/data/deltas/940611_944000,75,30515,8,1,32256664,73248032,224513236,16950,19200,0.000412625,0.000759292,0.000607541,0.000759292,0.000727251,0.000705457,0.004917037,0.005390665,0.000725958,0.001897875,75,0,1f30b7a376624ad8,warm-cache
delta_940611_944000,delta,index,12,/Volumes/Bitcoin/data/deltas/940611_944000,75,30515,8,1,32256664,73248032,224513236,16950,19200,0.000414708,0.000686834,0.000670000,0.000686834,0.000726421,0.000740539,0.005404290,0.005258079,0.000755333,0.001856875,75,0,75a0adfd36cce235,warm-cache
delta_940611_944000,delta,index,13,/Volumes/Bitcoin/data/deltas/940611_944000,75,30515,8,1,32256664,73248032,224513236,16950,19200,0.000384875,0.000834166,0.000827542,0.000834166,0.000845293,0.000747376,0.005188669,0.005987459,0.000726500,0.001945541,75,0,725671b8c1a8ff3c,warm-cache
delta_940611_944000,delta,index,14,/Volumes/Bitcoin/data/deltas/940611_944000,75,30515,8,1,32256664,73248032,224513236,16950,19200,0.000391667,0.000793333,0.000712958,0.000793333,0.000930415,0.001213666,0.004407289,0.006617168,0.000740250,0.001925250,75,0,cd073a976a3d6b0f,warm-cache
delta_940611_944000,delta,index,15,/Volumes/Bitcoin/data/deltas/940611_944000,75,30515,8,1,32256664,73248032,224513236,16950,19200,0.000408292,0.001142375,0.000571375,0.001142375,0.001231168,0.000965376,0.006695123,0.004766920,0.000809708,0.002360375,75,0,cdbeb0affab73ed6,warm-cache
delta_940611_944000,delta,index,16,/Volumes/Bitcoin/data/deltas/940611_944000,75,30515,8,1,32256664,73248032,224513236,16950,19200,0.000396208,0.000807167,0.000809250,0.000809250,0.000716418,0.001132210,0.004697582,0.005541251,0.000879125,0.002084583,75,0,8f6a4cbf56b6a1b5,warm-cache
delta_940611_944000,delta,index,17,/Volumes/Bitcoin/data/deltas/940611_944000,75,30515,8,1,32256664,73248032,224513236,16950,19200,0.000471208,0.001158958,0.000867000,0.001158958,0.000933872,0.001673205,0.004809749,0.006521794,0.000805750,0.002435916,75,0,4c3446f1abb76aa7,warm-cache
delta_940611_944000,delta,index,18,/Volumes/Bitcoin/data/deltas/940611_944000,75,30515,8,1,32256664,73248032,224513236,16950,19200,0.000392167,0.001134667,0.000761292,0.001134667,0.000858043,0.001211419,0.006313334,0.005748704,0.000749667,0.002276501,75,0,89427b27b07f2429,warm-cache
delta_940611_944000,delta,index,19,/Volumes/Bitcoin/data/deltas/940611_944000,75,30515,8,1,32256664,73248032,224513236,16950,19200,0.000385584,0.000744833,0.000541541,0.000744833,0.000958663,0.001329209,0.005275712,0.005497339,0.000760083,0.001890500,75,0,0487d10c595bced2,warm-cache
delta_940611_944000,delta,index,20,/Volumes/Bitcoin/data/deltas/940611_944000,75,30515,8,1,32256664,73248032,224513236,16950,19200,0.000391167,0.000923791,0.000574375,0.000923791,0.000823580,0.000798504,0.005892292,0.006168753,0.000723208,0.002038166,75,0,5be35f759d5ba8c6,warm-cache
delta_940611_944000,delta,index,21,/Volumes/Bitcoin/data/deltas/940611_944000,75,30515,8,1,32256664,73248032,224513236,16950,19200,0.000397250,0.001067334,0.000674500,0.001067334,0.000790374,0.000740076,0.004749165,0.004936629,0.000731625,0.002196209,75,0,03990659d0c20c14,warm-cache
delta_940611_944000,delta,index,22,/Volumes/Bitcoin/data/deltas/940611_944000,75,30515,8,1,32256664,73248032,224513236,16950,19200,0.000436292,0.000859084,0.000603792,0.000859084,0.000719412,0.000785829,0.004924583,0.005993668,0.000806541,0.002101917,75,0,ab05281f2c47e66a,warm-cache
delta_940611_944000,delta,index,23,/Volumes/Bitcoin/data/deltas/940611_944000,75,30515,8,1,32256664,73248032,224513236,16950,19200,0.000401834,0.000736000,0.000625667,0.000736000,0.000728122,0.000726753,0.004744545,0.005612250,0.000749375,0.001887209,75,0,ff0e2c5e99a72be5,warm-cache
delta_940611_944000,delta,index,24,/Volumes/Bitcoin/data/deltas/940611_944000,75,30515,8,1,32256664,73248032,224513236,16950,19200,0.000408875,0.000735709,0.000706167,0.000735709,0.000729339,0.000761165,0.005045791,0.005832297,0.000803708,0.001948292,75,0,6d43564cab09acce,warm-cache
delta_940611_944000,delta,index,25,/Volumes/Bitcoin/data/deltas/940611_944000,75,30515,8,1,32256664,73248032,224513236,16950,19200,0.000400666,0.000833167,0.000572500,0.000833167,0.000989666,0.000758039,0.005175874,0.005642374,0.000729542,0.001963375,75,0,fd116ca8a57e4b67,warm-cache
delta_940611_944000,delta,index,26,/Volumes/Bitcoin/data/deltas/940611_944000,75,30515,8,1,32256664,73248032,224513236,16950,19200,0.000488667,0.001298375,0.000737666,0.001298375,0.001193166,0.000656713,0.004450085,0.004586162,0.000762667,0.002549709,75,0,e06ebef69afcad1b,warm-cache
delta_940611_944000,delta,index,27,/Volumes/Bitcoin/data/deltas/940611_944000,75,30515,8,1,32256664,73248032,224513236,16950,19200,0.000398667,0.000940625,0.000941500,0.000941500,0.000915419,0.000955541,0.006443121,0.005971086,0.000775292,0.002115459,75,0,235e0348b69140e6,warm-cache
delta_940611_944000,delta,index,28,/Volumes/Bitcoin/data/deltas/940611_944000,75,30515,8,1,32256664,73248032,224513236,16950,19200,0.000411000,0.001400834,0.001385500,0.001400834,0.001735786,0.001114578,0.005486788,0.004136623,0.000813208,0.002625042,75,0,56c227457c4d2888,warm-cache
delta_940611_944000,delta,index,29,/Volumes/Bitcoin/data/deltas/940611_944000,75,30515,8,1,32256664,73248032,224513236,16950,19200,0.000398666,0.001008459,0.000813583,0.001008459,0.000885924,0.000781995,0.005450997,0.007364793,0.000802125,0.002209250,75,0,f4891bdf87a62931,warm-cache
delta_940611_944000,delta,index,30,/Volumes/Bitcoin/data/deltas/940611_944000,75,30515,8,1,32256664,73248032,224513236,16950,19200,0.000496416,0.000900792,0.000640917,0.000900792,0.000942296,0.000808669,0.005861203,0.006620084,0.000746416,0.002143624,75,0,4d560096ea1186e3,warm-cache
delta_940611_944000,delta,chunk,1,/Volumes/Bitcoin/data/deltas/940611_944000,80,59545,8,1,32256664,152453152,813505048,19360,20480,0.000516459,0.001145500,0.001128209,0.001145500,0.001238959,0.001829708,0.010554001,0.010758621,0.000942833,0.002604792,80,0,bf33a0e8f6a987a3,warm-cache
delta_940611_944000,delta,chunk,2,/Volumes/Bitcoin/data/deltas/940611_944000,80,59545,8,1,32256664,152453152,813505048,19360,20480,0.000472666,0.001237833,0.000968958,0.001237833,0.001196628,0.001269583,0.009743628,0.012513710,0.000947083,0.002657582,80,0,0d2f465761c9c591,warm-cache
delta_940611_944000,delta,chunk,3,/Volumes/Bitcoin/data/deltas/940611_944000,80,59545,8,1,32256664,152453152,813505048,19360,20480,0.000515875,0.001253583,0.000931500,0.001253583,0.001216033,0.001176081,0.010585499,0.011948540,0.000923167,0.002692625,80,0,37f12e9492b71b77,warm-cache
delta_940611_944000,delta,chunk,4,/Volumes/Bitcoin/data/deltas/940611_944000,80,59545,8,1,32256664,152453152,813505048,19360,20480,0.000529709,0.001300667,0.001006708,0.001300667,0.001113919,0.001078371,0.010697627,0.010172002,0.001010292,0.002840668,80,0,ca23b04b4850ad22,warm-cache
delta_940611_944000,delta,chunk,5,/Volumes/Bitcoin/data/deltas/940611_944000,80,59545,8,1,32256664,152453152,813505048,19360,20480,0.000518458,0.001085584,0.001319667,0.001319667,0.001088665,0.001726250,0.011070996,0.013929785,0.000940000,0.002778125,80,0,ff42711c3670121a,warm-cache
delta_940611_944000,delta,chunk,6,/Volumes/Bitcoin/data/deltas/940611_944000,80,59545,8,1,32256664,152453152,813505048,19360,20480,0.000532000,0.001363542,0.001063917,0.001363542,0.001302080,0.001518375,0.012385000,0.012736374,0.000995291,0.002890833,80,0,444a5abbe5c43614,warm-cache
delta_940611_944000,delta,chunk,7,/Volumes/Bitcoin/data/deltas/940611_944000,80,59545,8,1,32256664,152453152,813505048,19360,20480,0.000502583,0.001306416,0.000913625,0.001306416,0.001210048,0.001081544,0.013326002,0.012848413,0.000995166,0.002804165,80,0,ed97a178ec6a43de,warm-cache
delta_940611_944000,delta,chunk,8,/Volumes/Bitcoin/data/deltas/940611_944000,80,59545,8,1,32256664,152453152,813505048,19360,20480,0.000633875,0.001053584,0.000856917,0.001053584,0.001726914,0.001183667,0.011916667,0.011776247,0.000981708,0.002669167,80,0,7a7448002880bc8d,warm-cache
delta_940611_944000,delta,chunk,9,/Volumes/Bitcoin/data/deltas/940611_944000,80,59545,8,1,32256664,152453152,813505048,19360,20480,0.000593167,0.001230584,0.000991708,0.001230584,0.001306462,0.001115169,0.011870914,0.014377876,0.001022042,0.002845793,80,0,88f226cea5262cc1,warm-cache
delta_940611_944000,delta,chunk,10,/Volumes/Bitcoin/data/deltas/940611_944000,80,59545,8,1,32256664,152453152,813505048,19360,20480,0.000498375,0.001045500,0.000838875,0.001045500,0.001086206,0.001098327,0.010378915,0.012183789,0.000960000,0.002503875,80,0,e381f8c93352c32d,warm-cache
delta_940611_944000,delta,chunk,11,/Volumes/Bitcoin/data/deltas/940611_944000,80,59545,8,1,32256664,152453152,813505048,19360,20480,0.000507459,0.001377208,0.001062542,0.001377208,0.001122126,0.001448913,0.010990248,0.013445376,0.001035750,0.002920417,80,0,c167966d2c3c4a9c,warm-cache
delta_940611_944000,delta,chunk,12,/Volumes/Bitcoin/data/deltas/940611_944000,80,59545,8,1,32256664,152453152,813505048,19360,20480,0.000551042,0.001158125,0.001226000,0.001226000,0.001165375,0.001079499,0.011023623,0.012098758,0.000968500,0.002745542,80,0,40bdd793e3801265,warm-cache
delta_940611_944000,delta,chunk,13,/Volumes/Bitcoin/data/deltas/940611_944000,80,59545,8,1,32256664,152453152,813505048,19360,20480,0.000548125,0.001136250,0.000936542,0.001136250,0.001693121,0.001812500,0.011300789,0.011449539,0.000968250,0.002652625,80,0,be720838ec3dd838,warm-cache
delta_940611_944000,delta,chunk,14,/Volumes/Bitcoin/data/deltas/940611_944000,80,59545,8,1,32256664,152453152,813505048,19360,20480,0.000501041,0.001116292,0.001159000,0.001159000,0.001573580,0.001149374,0.010360835,0.012394247,0.000929791,0.002589832,80,0,be9552952cb6fcc2,warm-cache
delta_940611_944000,delta,chunk,15,/Volumes/Bitcoin/data/deltas/940611_944000,80,59545,8,1,32256664,152453152,813505048,19360,20480,0.000494083,0.001144416,0.001002875,0.001144416,0.001387081,0.001665379,0.010547462,0.012793625,0.000959958,0.002598457,80,0,47a9f6a8261e203a,warm-cache
delta_940611_944000,delta,chunk,16,/Volumes/Bitcoin/data/deltas/940611_944000,80,59545,8,1,32256664,152453152,813505048,19360,20480,0.000512709,0.001168334,0.001219542,0.001219542,0.001144379,0.002332292,0.013374748,0.013498961,0.000974875,0.002707126,80,0,503e314de9c6e243,warm-cache
delta_940611_944000,delta,chunk,17,/Volumes/Bitcoin/data/deltas/940611_944000,80,59545,8,1,32256664,152453152,813505048,19360,20480,0.000520167,0.001132708,0.000989542,0.001132708,0.001215881,0.001308880,0.012642212,0.012957383,0.000954541,0.002607416,80,0,a7c17e3e9835c36b,warm-cache
delta_940611_944000,delta,chunk,18,/Volumes/Bitcoin/data/deltas/940611_944000,80,59545,8,1,32256664,152453152,813505048,19360,20480,0.000502584,0.001309250,0.001119208,0.001309250,0.001451293,0.001354547,0.011731748,0.011083465,0.000961208,0.002773042,80,0,f5998db5dbec3079,warm-cache
delta_940611_944000,delta,chunk,19,/Volumes/Bitcoin/data/deltas/940611_944000,80,59545,8,1,32256664,152453152,813505048,19360,20480,0.000493958,0.001112750,0.000933958,0.001112750,0.001138117,0.001130373,0.011386504,0.012276000,0.000956750,0.002563458,80,0,50546182fe210136,warm-cache
delta_940611_944000,delta,chunk,20,/Volumes/Bitcoin/data/deltas/940611_944000,80,59545,8,1,32256664,152453152,813505048,19360,20480,0.000485959,0.001299500,0.001043208,0.001299500,0.001299414,0.001250669,0.012167753,0.014603626,0.000979709,0.002765168,80,0,e09e8c5edafe4ec7,warm-cache
delta_940611_944000,delta,chunk,21,/Volumes/Bitcoin/data/deltas/940611_944000,80,59545,8,1,32256664,152453152,813505048,19360,20480,0.000502000,0.001073291,0.000961334,0.001073291,0.001176873,0.001104419,0.010977952,0.011525962,0.000935375,0.002510666,80,0,e44960b6c7ba4842,warm-cache
delta_940611_944000,delta,chunk,22,/Volumes/Bitcoin/data/deltas/940611_944000,80,59545,8,1,32256664,152453152,813505048,19360,20480,0.000557209,0.001293292,0.000910291,0.001293292,0.001162754,0.001041034,0.011099624,0.010889628,0.001110708,0.002961209,80,0,746a46b396db6790,warm-cache
delta_940611_944000,delta,chunk,23,/Volumes/Bitcoin/data/deltas/940611_944000,80,59545,8,1,32256664,152453152,813505048,19360,20480,0.000551958,0.001189167,0.000936041,0.001189167,0.001075379,0.001162340,0.010716998,0.012711417,0.000957958,0.002699083,80,0,7cf96788e73f9fe4,warm-cache
delta_940611_944000,delta,chunk,24,/Volumes/Bitcoin/data/deltas/940611_944000,80,59545,8,1,32256664,152453152,813505048,19360,20480,0.000529417,0.001122417,0.001015250,0.001122417,0.001227878,0.001128710,0.013254502,0.012575419,0.000917209,0.002569043,80,0,fda495e6d31cfb2a,warm-cache
delta_940611_944000,delta,chunk,25,/Volumes/Bitcoin/data/deltas/940611_944000,80,59545,8,1,32256664,152453152,813505048,19360,20480,0.000491708,0.001101000,0.000833125,0.001101000,0.001106463,0.001076830,0.011563712,0.011285831,0.000944959,0.002537667,80,0,38e9f4dc1894a4b4,warm-cache
delta_940611_944000,delta,chunk,26,/Volumes/Bitcoin/data/deltas/940611_944000,80,59545,8,1,32256664,152453152,813505048,19360,20480,0.000532541,0.001287750,0.001138083,0.001287750,0.001210079,0.001438213,0.011455667,0.011987869,0.001036375,0.002856666,80,0,9411909ec23b34ec,warm-cache
delta_940611_944000,delta,chunk,27,/Volumes/Bitcoin/data/deltas/940611_944000,80,59545,8,1,32256664,152453152,813505048,19360,20480,0.000505500,0.001249834,0.001031834,0.001249834,0.001047630,0.001709166,0.009651418,0.010131083,0.000925916,0.002681250,80,0,103ab1c3a2d2c361,warm-cache
delta_940611_944000,delta,chunk,28,/Volumes/Bitcoin/data/deltas/940611_944000,80,59545,8,1,32256664,152453152,813505048,19360,20480,0.000497625,0.001117333,0.001031291,0.001117333,0.001083125,0.001122540,0.011136669,0.012644915,0.000994375,0.002609333,80,0,2d7cbe117de8ba3f,warm-cache
delta_940611_944000,delta,chunk,29,/Volumes/Bitcoin/data/deltas/940611_944000,80,59545,8,1,32256664,152453152,813505048,19360,20480,0.000518958,0.001356083,0.000869666,0.001356083,0.001064084,0.001062045,0.010408916,0.011665247,0.001007250,0.002882291,80,0,c71c42a18641ca82,warm-cache
delta_940611_944000,delta,chunk,30,/Volumes/Bitcoin/data/deltas/940611_944000,80,59545,8,1,32256664,152453152,813505048,19360,20480,0.000524416,0.001185583,0.000906167,0.001185583,0.001086749,0.001085043,0.012363166,0.012041753,0.000952333,0.002662332,80,0,74aa1cbfaaf6865a,warm-cache
